CRITICAL - 2025-02-16 17:57:06 --> ErrorException: Undefined variable $clase
[Method: GET, Route: clases]
in APPPATH\Views\pages\lists\clases.php on line 159.
 1 APPPATH\Views\pages\lists\clases.php(159): CodeIgniter\Debug\Exceptions->errorHandler(2, 'Undefined variable $clase', 'C:\\wamp64\\www\\padel_elite\\app\\Views\\pages\\lists\\clases.php', 159)
 2 SYSTEMPATH\View\View.php(234): include('C:\\wamp64\\www\\padel_elite\\app\\Views\\pages\\lists\\clases.php')
 3 SYSTEMPATH\View\View.php(237): CodeIgniter\View\View->CodeIgniter\View\{closure}()
 4 SYSTEMPATH\Common.php(1171): CodeIgniter\View\View->render('pages/lists/clases', [], true)
 5 APPPATH\Controllers\claseController.php(9): view('pages/lists/clases')
 6 SYSTEMPATH\CodeIgniter.php(933): App\Controllers\ClaseController->index()
 7 SYSTEMPATH\CodeIgniter.php(509): CodeIgniter\CodeIgniter->runController(Object(App\Controllers\ClaseController))
 8 SYSTEMPATH\CodeIgniter.php(355): CodeIgniter\CodeIgniter->handleRequest(null, Object(Config\Cache), false)
 9 SYSTEMPATH\Boot.php(334): CodeIgniter\CodeIgniter->run()
10 SYSTEMPATH\Boot.php(67): CodeIgniter\Boot::runCodeIgniter(Object(CodeIgniter\CodeIgniter))
11 FCPATH\index.php(56): CodeIgniter\Boot::bootWeb(Object(Config\Paths))
CRITICAL - 2025-02-16 18:01:01 --> ErrorException: Undefined variable $clase
[Method: GET, Route: clases]
in APPPATH\Views\pages\lists\clases.php on line 187.
 1 APPPATH\Views\pages\lists\clases.php(187): CodeIgniter\Debug\Exceptions->errorHandler(2, 'Undefined variable $clase', 'C:\\wamp64\\www\\padel_elite\\app\\Views\\pages\\lists\\clases.php', 187)
 2 SYSTEMPATH\View\View.php(234): include('C:\\wamp64\\www\\padel_elite\\app\\Views\\pages\\lists\\clases.php')
 3 SYSTEMPATH\View\View.php(237): CodeIgniter\View\View->CodeIgniter\View\{closure}()
 4 SYSTEMPATH\Common.php(1171): CodeIgniter\View\View->render('pages/lists/clases', [], true)
 5 APPPATH\Controllers\claseController.php(9): view('pages/lists/clases')
 6 SYSTEMPATH\CodeIgniter.php(933): App\Controllers\ClaseController->index()
 7 SYSTEMPATH\CodeIgniter.php(509): CodeIgniter\CodeIgniter->runController(Object(App\Controllers\ClaseController))
 8 SYSTEMPATH\CodeIgniter.php(355): CodeIgniter\CodeIgniter->handleRequest(null, Object(Config\Cache), false)
 9 SYSTEMPATH\Boot.php(334): CodeIgniter\CodeIgniter->run()
10 SYSTEMPATH\Boot.php(67): CodeIgniter\Boot::runCodeIgniter(Object(CodeIgniter\CodeIgniter))
11 FCPATH\index.php(56): CodeIgniter\Boot::bootWeb(Object(Config\Paths))
CRITICAL - 2025-02-16 18:01:12 --> ErrorException: Undefined variable $clase
[Method: GET, Route: clases]
in APPPATH\Views\pages\lists\clases.php on line 187.
 1 APPPATH\Views\pages\lists\clases.php(187): CodeIgniter\Debug\Exceptions->errorHandler(2, 'Undefined variable $clase', 'C:\\wamp64\\www\\padel_elite\\app\\Views\\pages\\lists\\clases.php', 187)
 2 SYSTEMPATH\View\View.php(234): include('C:\\wamp64\\www\\padel_elite\\app\\Views\\pages\\lists\\clases.php')
 3 SYSTEMPATH\View\View.php(237): CodeIgniter\View\View->CodeIgniter\View\{closure}()
 4 SYSTEMPATH\Common.php(1171): CodeIgniter\View\View->render('pages/lists/clases', [], true)
 5 APPPATH\Controllers\claseController.php(9): view('pages/lists/clases')
 6 SYSTEMPATH\CodeIgniter.php(933): App\Controllers\ClaseController->index()
 7 SYSTEMPATH\CodeIgniter.php(509): CodeIgniter\CodeIgniter->runController(Object(App\Controllers\ClaseController))
 8 SYSTEMPATH\CodeIgniter.php(355): CodeIgniter\CodeIgniter->handleRequest(null, Object(Config\Cache), false)
 9 SYSTEMPATH\Boot.php(334): CodeIgniter\CodeIgniter->run()
10 SYSTEMPATH\Boot.php(67): CodeIgniter\Boot::runCodeIgniter(Object(CodeIgniter\CodeIgniter))
11 FCPATH\index.php(56): CodeIgniter\Boot::bootWeb(Object(Config\Paths))
CRITICAL - 2025-02-16 18:01:22 --> ErrorException: Undefined variable $clase
[Method: GET, Route: clases]
in APPPATH\Views\pages\lists\clases.php on line 187.
 1 APPPATH\Views\pages\lists\clases.php(187): CodeIgniter\Debug\Exceptions->errorHandler(2, 'Undefined variable $clase', 'C:\\wamp64\\www\\padel_elite\\app\\Views\\pages\\lists\\clases.php', 187)
 2 SYSTEMPATH\View\View.php(234): include('C:\\wamp64\\www\\padel_elite\\app\\Views\\pages\\lists\\clases.php')
 3 SYSTEMPATH\View\View.php(237): CodeIgniter\View\View->CodeIgniter\View\{closure}()
 4 SYSTEMPATH\Common.php(1171): CodeIgniter\View\View->render('pages/lists/clases', [], true)
 5 APPPATH\Controllers\claseController.php(9): view('pages/lists/clases')
 6 SYSTEMPATH\CodeIgniter.php(933): App\Controllers\ClaseController->index()
 7 SYSTEMPATH\CodeIgniter.php(509): CodeIgniter\CodeIgniter->runController(Object(App\Controllers\ClaseController))
 8 SYSTEMPATH\CodeIgniter.php(355): CodeIgniter\CodeIgniter->handleRequest(null, Object(Config\Cache), false)
 9 SYSTEMPATH\Boot.php(334): CodeIgniter\CodeIgniter->run()
10 SYSTEMPATH\Boot.php(67): CodeIgniter\Boot::runCodeIgniter(Object(CodeIgniter\CodeIgniter))
11 FCPATH\index.php(56): CodeIgniter\Boot::bootWeb(Object(Config\Paths))
CRITICAL - 2025-02-16 18:07:22 --> ErrorException: Undefined variable $clase
[Method: GET, Route: clases]
in APPPATH\Views\pages\lists\clases.php on line 131.
 1 APPPATH\Views\pages\lists\clases.php(131): CodeIgniter\Debug\Exceptions->errorHandler(2, 'Undefined variable $clase', 'C:\\wamp64\\www\\padel_elite\\app\\Views\\pages\\lists\\clases.php', 131)
 2 SYSTEMPATH\View\View.php(234): include('C:\\wamp64\\www\\padel_elite\\app\\Views\\pages\\lists\\clases.php')
 3 SYSTEMPATH\View\View.php(237): CodeIgniter\View\View->CodeIgniter\View\{closure}()
 4 SYSTEMPATH\Common.php(1171): CodeIgniter\View\View->render('pages/lists/clases', [], true)
 5 APPPATH\Controllers\claseController.php(9): view('pages/lists/clases')
 6 SYSTEMPATH\CodeIgniter.php(933): App\Controllers\ClaseController->index()
 7 SYSTEMPATH\CodeIgniter.php(509): CodeIgniter\CodeIgniter->runController(Object(App\Controllers\ClaseController))
 8 SYSTEMPATH\CodeIgniter.php(355): CodeIgniter\CodeIgniter->handleRequest(null, Object(Config\Cache), false)
 9 SYSTEMPATH\Boot.php(334): CodeIgniter\CodeIgniter->run()
10 SYSTEMPATH\Boot.php(67): CodeIgniter\Boot::runCodeIgniter(Object(CodeIgniter\CodeIgniter))
11 FCPATH\index.php(56): CodeIgniter\Boot::bootWeb(Object(Config\Paths))
CRITICAL - 2025-02-16 18:24:17 --> ErrorException: Undefined variable $clase
[Method: GET, Route: clases]
in APPPATH\Views\pages\lists\clases.php on line 215.
 1 APPPATH\Views\pages\lists\clases.php(215): CodeIgniter\Debug\Exceptions->errorHandler(2, 'Undefined variable $clase', 'C:\\wamp64\\www\\padel_elite\\app\\Views\\pages\\lists\\clases.php', 215)
 2 SYSTEMPATH\View\View.php(234): include('C:\\wamp64\\www\\padel_elite\\app\\Views\\pages\\lists\\clases.php')
 3 SYSTEMPATH\View\View.php(237): CodeIgniter\View\View->CodeIgniter\View\{closure}()
 4 SYSTEMPATH\Common.php(1171): CodeIgniter\View\View->render('pages/lists/clases', [], true)
 5 APPPATH\Controllers\claseController.php(9): view('pages/lists/clases')
 6 SYSTEMPATH\CodeIgniter.php(933): App\Controllers\ClaseController->index()
 7 SYSTEMPATH\CodeIgniter.php(509): CodeIgniter\CodeIgniter->runController(Object(App\Controllers\ClaseController))
 8 SYSTEMPATH\CodeIgniter.php(355): CodeIgniter\CodeIgniter->handleRequest(null, Object(Config\Cache), false)
 9 SYSTEMPATH\Boot.php(334): CodeIgniter\CodeIgniter->run()
10 SYSTEMPATH\Boot.php(67): CodeIgniter\Boot::runCodeIgniter(Object(CodeIgniter\CodeIgniter))
11 FCPATH\index.php(56): CodeIgniter\Boot::bootWeb(Object(Config\Paths))
CRITICAL - 2025-02-16 18:26:01 --> ErrorException: Undefined variable $clase
[Method: GET, Route: clases]
in APPPATH\Views\pages\lists\clases.php on line 215.
 1 APPPATH\Views\pages\lists\clases.php(215): CodeIgniter\Debug\Exceptions->errorHandler(2, 'Undefined variable $clase', 'C:\\wamp64\\www\\padel_elite\\app\\Views\\pages\\lists\\clases.php', 215)
 2 SYSTEMPATH\View\View.php(234): include('C:\\wamp64\\www\\padel_elite\\app\\Views\\pages\\lists\\clases.php')
 3 SYSTEMPATH\View\View.php(237): CodeIgniter\View\View->CodeIgniter\View\{closure}()
 4 SYSTEMPATH\Common.php(1171): CodeIgniter\View\View->render('pages/lists/clases', [], true)
 5 APPPATH\Controllers\claseController.php(9): view('pages/lists/clases')
 6 SYSTEMPATH\CodeIgniter.php(933): App\Controllers\ClaseController->index()
 7 SYSTEMPATH\CodeIgniter.php(509): CodeIgniter\CodeIgniter->runController(Object(App\Controllers\ClaseController))
 8 SYSTEMPATH\CodeIgniter.php(355): CodeIgniter\CodeIgniter->handleRequest(null, Object(Config\Cache), false)
 9 SYSTEMPATH\Boot.php(334): CodeIgniter\CodeIgniter->run()
10 SYSTEMPATH\Boot.php(67): CodeIgniter\Boot::runCodeIgniter(Object(CodeIgniter\CodeIgniter))
11 FCPATH\index.php(56): CodeIgniter\Boot::bootWeb(Object(Config\Paths))
CRITICAL - 2025-02-16 18:26:03 --> ErrorException: Undefined variable $clase
[Method: GET, Route: clases]
in APPPATH\Views\pages\lists\clases.php on line 215.
 1 APPPATH\Views\pages\lists\clases.php(215): CodeIgniter\Debug\Exceptions->errorHandler(2, 'Undefined variable $clase', 'C:\\wamp64\\www\\padel_elite\\app\\Views\\pages\\lists\\clases.php', 215)
 2 SYSTEMPATH\View\View.php(234): include('C:\\wamp64\\www\\padel_elite\\app\\Views\\pages\\lists\\clases.php')
 3 SYSTEMPATH\View\View.php(237): CodeIgniter\View\View->CodeIgniter\View\{closure}()
 4 SYSTEMPATH\Common.php(1171): CodeIgniter\View\View->render('pages/lists/clases', [], true)
 5 APPPATH\Controllers\claseController.php(9): view('pages/lists/clases')
 6 SYSTEMPATH\CodeIgniter.php(933): App\Controllers\ClaseController->index()
 7 SYSTEMPATH\CodeIgniter.php(509): CodeIgniter\CodeIgniter->runController(Object(App\Controllers\ClaseController))
 8 SYSTEMPATH\CodeIgniter.php(355): CodeIgniter\CodeIgniter->handleRequest(null, Object(Config\Cache), false)
 9 SYSTEMPATH\Boot.php(334): CodeIgniter\CodeIgniter->run()
10 SYSTEMPATH\Boot.php(67): CodeIgniter\Boot::runCodeIgniter(Object(CodeIgniter\CodeIgniter))
11 FCPATH\index.php(56): CodeIgniter\Boot::bootWeb(Object(Config\Paths))
CRITICAL - 2025-02-16 19:07:32 --> ErrorException: Undefined variable $clase
[Method: GET, Route: clases]
in APPPATH\Views\pages\lists\clases.php on line 132.
 1 APPPATH\Views\pages\lists\clases.php(132): CodeIgniter\Debug\Exceptions->errorHandler(2, 'Undefined variable $clase', 'C:\\wamp64\\www\\padel_elite\\app\\Views\\pages\\lists\\clases.php', 132)
 2 SYSTEMPATH\View\View.php(234): include('C:\\wamp64\\www\\padel_elite\\app\\Views\\pages\\lists\\clases.php')
 3 SYSTEMPATH\View\View.php(237): CodeIgniter\View\View->CodeIgniter\View\{closure}()
 4 SYSTEMPATH\Common.php(1171): CodeIgniter\View\View->render('pages/lists/clases', [], true)
 5 APPPATH\Controllers\claseController.php(9): view('pages/lists/clases')
 6 SYSTEMPATH\CodeIgniter.php(933): App\Controllers\ClaseController->index()
 7 SYSTEMPATH\CodeIgniter.php(509): CodeIgniter\CodeIgniter->runController(Object(App\Controllers\ClaseController))
 8 SYSTEMPATH\CodeIgniter.php(355): CodeIgniter\CodeIgniter->handleRequest(null, Object(Config\Cache), false)
 9 SYSTEMPATH\Boot.php(334): CodeIgniter\CodeIgniter->run()
10 SYSTEMPATH\Boot.php(67): CodeIgniter\Boot::runCodeIgniter(Object(CodeIgniter\CodeIgniter))
11 FCPATH\index.php(56): CodeIgniter\Boot::bootWeb(Object(Config\Paths))
CRITICAL - 2025-02-16 19:07:40 --> ErrorException: Undefined variable $clase
[Method: GET, Route: clases]
in APPPATH\Views\pages\lists\clases.php on line 132.
 1 APPPATH\Views\pages\lists\clases.php(132): CodeIgniter\Debug\Exceptions->errorHandler(2, 'Undefined variable $clase', 'C:\\wamp64\\www\\padel_elite\\app\\Views\\pages\\lists\\clases.php', 132)
 2 SYSTEMPATH\View\View.php(234): include('C:\\wamp64\\www\\padel_elite\\app\\Views\\pages\\lists\\clases.php')
 3 SYSTEMPATH\View\View.php(237): CodeIgniter\View\View->CodeIgniter\View\{closure}()
 4 SYSTEMPATH\Common.php(1171): CodeIgniter\View\View->render('pages/lists/clases', [], true)
 5 APPPATH\Controllers\claseController.php(9): view('pages/lists/clases')
 6 SYSTEMPATH\CodeIgniter.php(933): App\Controllers\ClaseController->index()
 7 SYSTEMPATH\CodeIgniter.php(509): CodeIgniter\CodeIgniter->runController(Object(App\Controllers\ClaseController))
 8 SYSTEMPATH\CodeIgniter.php(355): CodeIgniter\CodeIgniter->handleRequest(null, Object(Config\Cache), false)
 9 SYSTEMPATH\Boot.php(334): CodeIgniter\CodeIgniter->run()
10 SYSTEMPATH\Boot.php(67): CodeIgniter\Boot::runCodeIgniter(Object(CodeIgniter\CodeIgniter))
11 FCPATH\index.php(56): CodeIgniter\Boot::bootWeb(Object(Config\Paths))
CRITICAL - 2025-02-16 19:09:49 --> ErrorException: Undefined variable $clase
[Method: GET, Route: clases]
in APPPATH\Views\pages\lists\clases.php on line 132.
 1 APPPATH\Views\pages\lists\clases.php(132): CodeIgniter\Debug\Exceptions->errorHandler(2, 'Undefined variable $clase', 'C:\\wamp64\\www\\padel_elite\\app\\Views\\pages\\lists\\clases.php', 132)
 2 SYSTEMPATH\View\View.php(234): include('C:\\wamp64\\www\\padel_elite\\app\\Views\\pages\\lists\\clases.php')
 3 SYSTEMPATH\View\View.php(237): CodeIgniter\View\View->CodeIgniter\View\{closure}()
 4 SYSTEMPATH\Common.php(1171): CodeIgniter\View\View->render('pages/lists/clases', [], true)
 5 APPPATH\Controllers\claseController.php(9): view('pages/lists/clases')
 6 SYSTEMPATH\CodeIgniter.php(933): App\Controllers\ClaseController->index()
 7 SYSTEMPATH\CodeIgniter.php(509): CodeIgniter\CodeIgniter->runController(Object(App\Controllers\ClaseController))
 8 SYSTEMPATH\CodeIgniter.php(355): CodeIgniter\CodeIgniter->handleRequest(null, Object(Config\Cache), false)
 9 SYSTEMPATH\Boot.php(334): CodeIgniter\CodeIgniter->run()
10 SYSTEMPATH\Boot.php(67): CodeIgniter\Boot::runCodeIgniter(Object(CodeIgniter\CodeIgniter))
11 FCPATH\index.php(56): CodeIgniter\Boot::bootWeb(Object(Config\Paths))
CRITICAL - 2025-02-16 19:09:55 --> ErrorException: Undefined variable $clase
[Method: GET, Route: clases]
in APPPATH\Views\pages\lists\clases.php on line 132.
 1 APPPATH\Views\pages\lists\clases.php(132): CodeIgniter\Debug\Exceptions->errorHandler(2, 'Undefined variable $clase', 'C:\\wamp64\\www\\padel_elite\\app\\Views\\pages\\lists\\clases.php', 132)
 2 SYSTEMPATH\View\View.php(234): include('C:\\wamp64\\www\\padel_elite\\app\\Views\\pages\\lists\\clases.php')
 3 SYSTEMPATH\View\View.php(237): CodeIgniter\View\View->CodeIgniter\View\{closure}()
 4 SYSTEMPATH\Common.php(1171): CodeIgniter\View\View->render('pages/lists/clases', [], true)
 5 APPPATH\Controllers\claseController.php(9): view('pages/lists/clases')
 6 SYSTEMPATH\CodeIgniter.php(933): App\Controllers\ClaseController->index()
 7 SYSTEMPATH\CodeIgniter.php(509): CodeIgniter\CodeIgniter->runController(Object(App\Controllers\ClaseController))
 8 SYSTEMPATH\CodeIgniter.php(355): CodeIgniter\CodeIgniter->handleRequest(null, Object(Config\Cache), false)
 9 SYSTEMPATH\Boot.php(334): CodeIgniter\CodeIgniter->run()
10 SYSTEMPATH\Boot.php(67): CodeIgniter\Boot::runCodeIgniter(Object(CodeIgniter\CodeIgniter))
11 FCPATH\index.php(56): CodeIgniter\Boot::bootWeb(Object(Config\Paths))
CRITICAL - 2025-02-16 19:10:02 --> ErrorException: Undefined variable $clase
[Method: GET, Route: clases]
in APPPATH\Views\pages\lists\clases.php on line 132.
 1 APPPATH\Views\pages\lists\clases.php(132): CodeIgniter\Debug\Exceptions->errorHandler(2, 'Undefined variable $clase', 'C:\\wamp64\\www\\padel_elite\\app\\Views\\pages\\lists\\clases.php', 132)
 2 SYSTEMPATH\View\View.php(234): include('C:\\wamp64\\www\\padel_elite\\app\\Views\\pages\\lists\\clases.php')
 3 SYSTEMPATH\View\View.php(237): CodeIgniter\View\View->CodeIgniter\View\{closure}()
 4 SYSTEMPATH\Common.php(1171): CodeIgniter\View\View->render('pages/lists/clases', [], true)
 5 APPPATH\Controllers\claseController.php(9): view('pages/lists/clases')
 6 SYSTEMPATH\CodeIgniter.php(933): App\Controllers\ClaseController->index()
 7 SYSTEMPATH\CodeIgniter.php(509): CodeIgniter\CodeIgniter->runController(Object(App\Controllers\ClaseController))
 8 SYSTEMPATH\CodeIgniter.php(355): CodeIgniter\CodeIgniter->handleRequest(null, Object(Config\Cache), false)
 9 SYSTEMPATH\Boot.php(334): CodeIgniter\CodeIgniter->run()
10 SYSTEMPATH\Boot.php(67): CodeIgniter\Boot::runCodeIgniter(Object(CodeIgniter\CodeIgniter))
11 FCPATH\index.php(56): CodeIgniter\Boot::bootWeb(Object(Config\Paths))
CRITICAL - 2025-02-16 19:12:41 --> Error: Class "App\Models\ClaseModel" not found
[Method: GET, Route: clases]
in APPPATH\Controllers\claseController.php on line 10.
 1 SYSTEMPATH\CodeIgniter.php(933): App\Controllers\ClaseController->index()
 2 SYSTEMPATH\CodeIgniter.php(509): CodeIgniter\CodeIgniter->runController(Object(App\Controllers\ClaseController))
 3 SYSTEMPATH\CodeIgniter.php(355): CodeIgniter\CodeIgniter->handleRequest(null, Object(Config\Cache), false)
 4 SYSTEMPATH\Boot.php(334): CodeIgniter\CodeIgniter->run()
 5 SYSTEMPATH\Boot.php(67): CodeIgniter\Boot::runCodeIgniter(Object(CodeIgniter\CodeIgniter))
 6 FCPATH\index.php(56): CodeIgniter\Boot::bootWeb(Object(Config\Paths))
ERROR - 2025-02-16 19:14:43 --> mysqli_sql_exception: Table 'padel_elite.clases' doesn't exist in C:\wamp64\www\padel_elite\system\Database\MySQLi\Connection.php:312
Stack trace:
#0 C:\wamp64\www\padel_elite\system\Database\MySQLi\Connection.php(312): mysqli->query('SELECT *\nFROM `...', 0)
#1 C:\wamp64\www\padel_elite\system\Database\BaseConnection.php(734): CodeIgniter\Database\MySQLi\Connection->execute('SELECT *\nFROM `...')
#2 C:\wamp64\www\padel_elite\system\Database\BaseConnection.php(648): CodeIgniter\Database\BaseConnection->simpleQuery('SELECT *\nFROM `...')
#3 C:\wamp64\www\padel_elite\system\Database\BaseBuilder.php(1644): CodeIgniter\Database\BaseConnection->query('SELECT *\nFROM `...', Array, false)
#4 C:\wamp64\www\padel_elite\system\Model.php(286): CodeIgniter\Database\BaseBuilder->get()
#5 C:\wamp64\www\padel_elite\system\BaseModel.php(675): CodeIgniter\Model->doFindAll(0, 0)
#6 C:\wamp64\www\padel_elite\app\Controllers\claseController.php(12): CodeIgniter\BaseModel->findAll()
#7 C:\wamp64\www\padel_elite\system\CodeIgniter.php(933): App\Controllers\ClaseController->index()
#8 C:\wamp64\www\padel_elite\system\CodeIgniter.php(509): CodeIgniter\CodeIgniter->runController(Object(App\Controllers\ClaseController))
#9 C:\wamp64\www\padel_elite\system\CodeIgniter.php(355): CodeIgniter\CodeIgniter->handleRequest(NULL, Object(Config\Cache), false)
#10 C:\wamp64\www\padel_elite\system\Boot.php(334): CodeIgniter\CodeIgniter->run()
#11 C:\wamp64\www\padel_elite\system\Boot.php(67): CodeIgniter\Boot::runCodeIgniter(Object(CodeIgniter\CodeIgniter))
#12 C:\wamp64\www\padel_elite\public\index.php(56): CodeIgniter\Boot::bootWeb(Object(Config\Paths))
#13 {main}
CRITICAL - 2025-02-16 19:14:43 --> CodeIgniter\Database\Exceptions\DatabaseException: Table 'padel_elite.clases' doesn't exist
[Method: GET, Route: clases]
in SYSTEMPATH\Database\BaseConnection.php on line 688.
 1 SYSTEMPATH\Database\BaseBuilder.php(1644): CodeIgniter\Database\BaseConnection->query('SELECT *
FROM `clases`', [], false)
 2 SYSTEMPATH\Model.php(286): CodeIgniter\Database\BaseBuilder->get()
 3 SYSTEMPATH\BaseModel.php(675): CodeIgniter\Model->doFindAll(0, 0)
 4 APPPATH\Controllers\claseController.php(12): CodeIgniter\BaseModel->findAll()
 5 SYSTEMPATH\CodeIgniter.php(933): App\Controllers\ClaseController->index()
 6 SYSTEMPATH\CodeIgniter.php(509): CodeIgniter\CodeIgniter->runController(Object(App\Controllers\ClaseController))
 7 SYSTEMPATH\CodeIgniter.php(355): CodeIgniter\CodeIgniter->handleRequest(null, Object(Config\Cache), false)
 8 SYSTEMPATH\Boot.php(334): CodeIgniter\CodeIgniter->run()
 9 SYSTEMPATH\Boot.php(67): CodeIgniter\Boot::runCodeIgniter(Object(CodeIgniter\CodeIgniter))
10 FCPATH\index.php(56): CodeIgniter\Boot::bootWeb(Object(Config\Paths))
CRITICAL - 2025-02-16 19:14:43 --> [Caused by] CodeIgniter\Database\Exceptions\DatabaseException: Table 'padel_elite.clases' doesn't exist
in SYSTEMPATH\Database\MySQLi\Connection.php on line 317.
 1 SYSTEMPATH\Database\BaseConnection.php(734): CodeIgniter\Database\MySQLi\Connection->execute('SELECT *
FROM `clases`')
 2 SYSTEMPATH\Database\BaseConnection.php(648): CodeIgniter\Database\BaseConnection->simpleQuery('SELECT *
FROM `clases`')
 3 SYSTEMPATH\Database\BaseBuilder.php(1644): CodeIgniter\Database\BaseConnection->query('SELECT *
FROM `clases`', [], false)
 4 SYSTEMPATH\Model.php(286): CodeIgniter\Database\BaseBuilder->get()
 5 SYSTEMPATH\BaseModel.php(675): CodeIgniter\Model->doFindAll(0, 0)
 6 APPPATH\Controllers\claseController.php(12): CodeIgniter\BaseModel->findAll()
 7 SYSTEMPATH\CodeIgniter.php(933): App\Controllers\ClaseController->index()
 8 SYSTEMPATH\CodeIgniter.php(509): CodeIgniter\CodeIgniter->runController(Object(App\Controllers\ClaseController))
 9 SYSTEMPATH\CodeIgniter.php(355): CodeIgniter\CodeIgniter->handleRequest(null, Object(Config\Cache), false)
10 SYSTEMPATH\Boot.php(334): CodeIgniter\CodeIgniter->run()
11 SYSTEMPATH\Boot.php(67): CodeIgniter\Boot::runCodeIgniter(Object(CodeIgniter\CodeIgniter))
12 FCPATH\index.php(56): CodeIgniter\Boot::bootWeb(Object(Config\Paths))
CRITICAL - 2025-02-16 19:18:41 --> ParseError: syntax error, unexpected end of file
[Method: GET, Route: clases]
in APPPATH\Views\pages\lists\clases.php on line 5104.
 1 SYSTEMPATH\View\View.php(237): CodeIgniter\View\View->CodeIgniter\View\{closure}()
 2 SYSTEMPATH\Common.php(1171): CodeIgniter\View\View->render('pages/lists/clases', [], true)
 3 APPPATH\Controllers\claseController.php(14): view('pages/lists/clases', [...])
 4 SYSTEMPATH\CodeIgniter.php(933): App\Controllers\ClaseController->index()
 5 SYSTEMPATH\CodeIgniter.php(509): CodeIgniter\CodeIgniter->runController(Object(App\Controllers\ClaseController))
 6 SYSTEMPATH\CodeIgniter.php(355): CodeIgniter\CodeIgniter->handleRequest(null, Object(Config\Cache), false)
 7 SYSTEMPATH\Boot.php(334): CodeIgniter\CodeIgniter->run()
 8 SYSTEMPATH\Boot.php(67): CodeIgniter\Boot::runCodeIgniter(Object(CodeIgniter\CodeIgniter))
 9 FCPATH\index.php(56): CodeIgniter\Boot::bootWeb(Object(Config\Paths))
CRITICAL - 2025-02-16 19:14:43 --> [Caused by] mysqli_sql_exception: Table 'padel_elite.clases' doesn't exist
in SYSTEMPATH\Database\MySQLi\Connection.php on line 312.
 1 SYSTEMPATH\Database\MySQLi\Connection.php(312): mysqli->query('SELECT *
FROM `clases`', 0)
 2 SYSTEMPATH\Database\BaseConnection.php(734): CodeIgniter\Database\MySQLi\Connection->execute('SELECT *
FROM `clases`')
 3 SYSTEMPATH\Database\BaseConnection.php(648): CodeIgniter\Database\BaseConnection->simpleQuery('SELECT *
FROM `clases`')
 4 SYSTEMPATH\Database\BaseBuilder.php(1644): CodeIgniter\Database\BaseConnection->query('SELECT *
FROM `clases`', [], false)
 5 SYSTEMPATH\Model.php(286): CodeIgniter\Database\BaseBuilder->get()
 6 SYSTEMPATH\BaseModel.php(675): CodeIgniter\Model->doFindAll(0, 0)
 7 APPPATH\Controllers\claseController.php(12): CodeIgniter\BaseModel->findAll()
 8 SYSTEMPATH\CodeIgniter.php(933): App\Controllers\ClaseController->index()
 9 SYSTEMPATH\CodeIgniter.php(509): CodeIgniter\CodeIgniter->runController(Object(App\Controllers\ClaseController))
10 SYSTEMPATH\CodeIgniter.php(355): CodeIgniter\CodeIgniter->handleRequest(null, Object(Config\Cache), false)
11 SYSTEMPATH\Boot.php(334): CodeIgniter\CodeIgniter->run()
12 SYSTEMPATH\Boot.php(67): CodeIgniter\Boot::runCodeIgniter(Object(CodeIgniter\CodeIgniter))
13 FCPATH\index.php(56): CodeIgniter\Boot::bootWeb(Object(Config\Paths))
ERROR - 2025-02-16 20:08:01 --> mysqli_sql_exception: Duplicate entry 'juu@gmail.com' for key 'usuarios.email' in C:\wamp64\www\padel_elite\system\Database\MySQLi\Connection.php:312
Stack trace:
#0 C:\wamp64\www\padel_elite\system\Database\MySQLi\Connection.php(312): mysqli->query('INSERT INTO `us...', 0)
#1 C:\wamp64\www\padel_elite\system\Database\BaseConnection.php(734): CodeIgniter\Database\MySQLi\Connection->execute('INSERT INTO `us...')
#2 C:\wamp64\www\padel_elite\system\Database\BaseConnection.php(648): CodeIgniter\Database\BaseConnection->simpleQuery('INSERT INTO `us...')
#3 C:\wamp64\www\padel_elite\system\Database\BaseBuilder.php(2340): CodeIgniter\Database\BaseConnection->query('INSERT INTO `us...', Array, false)
#4 C:\wamp64\www\padel_elite\system\Model.php(394): CodeIgniter\Database\BaseBuilder->insert()
#5 C:\wamp64\www\padel_elite\system\BaseModel.php(839): CodeIgniter\Model->doInsert(Array)
#6 C:\wamp64\www\padel_elite\system\Model.php(800): CodeIgniter\BaseModel->insert(Array, true)
#7 C:\wamp64\www\padel_elite\app\Controllers\SignUpController.php(25): CodeIgniter\Model->insert(Array)
#8 C:\wamp64\www\padel_elite\system\CodeIgniter.php(933): App\Controllers\SignUpController->store()
#9 C:\wamp64\www\padel_elite\system\CodeIgniter.php(509): CodeIgniter\CodeIgniter->runController(Object(App\Controllers\SignUpController))
#10 C:\wamp64\www\padel_elite\system\CodeIgniter.php(355): CodeIgniter\CodeIgniter->handleRequest(NULL, Object(Config\Cache), false)
#11 C:\wamp64\www\padel_elite\system\Boot.php(334): CodeIgniter\CodeIgniter->run()
#12 C:\wamp64\www\padel_elite\system\Boot.php(67): CodeIgniter\Boot::runCodeIgniter(Object(CodeIgniter\CodeIgniter))
#13 C:\wamp64\www\padel_elite\public\index.php(56): CodeIgniter\Boot::bootWeb(Object(Config\Paths))
#14 {main}
CRITICAL - 2025-02-16 20:08:01 --> CodeIgniter\Database\Exceptions\DatabaseException: Duplicate entry 'juu@gmail.com' for key 'usuarios.email'
[Method: POST, Route: signUp/store]
in SYSTEMPATH\Database\BaseConnection.php on line 688.
 1 SYSTEMPATH\Database\BaseBuilder.php(2340): CodeIgniter\Database\BaseConnection->query('INSERT INTO `usuarios` (`nombre`, `telefono`, `email`, `contraseña`) VALUES (:nombre:, :telefono:, :email:, :contraseña:)', [...], false)
 2 SYSTEMPATH\Model.php(394): CodeIgniter\Database\BaseBuilder->insert()
 3 SYSTEMPATH\BaseModel.php(839): CodeIgniter\Model->doInsert([...])
 4 SYSTEMPATH\Model.php(800): CodeIgniter\BaseModel->insert([...], true)
 5 APPPATH\Controllers\SignUpController.php(25): CodeIgniter\Model->insert([...])
 6 SYSTEMPATH\CodeIgniter.php(933): App\Controllers\SignUpController->store()
 7 SYSTEMPATH\CodeIgniter.php(509): CodeIgniter\CodeIgniter->runController(Object(App\Controllers\SignUpController))
 8 SYSTEMPATH\CodeIgniter.php(355): CodeIgniter\CodeIgniter->handleRequest(null, Object(Config\Cache), false)
 9 SYSTEMPATH\Boot.php(334): CodeIgniter\CodeIgniter->run()
10 SYSTEMPATH\Boot.php(67): CodeIgniter\Boot::runCodeIgniter(Object(CodeIgniter\CodeIgniter))
11 FCPATH\index.php(56): CodeIgniter\Boot::bootWeb(Object(Config\Paths))
CRITICAL - 2025-02-16 20:08:01 --> [Caused by] CodeIgniter\Database\Exceptions\DatabaseException: Duplicate entry 'juu@gmail.com' for key 'usuarios.email'
in SYSTEMPATH\Database\MySQLi\Connection.php on line 317.
 1 SYSTEMPATH\Database\BaseConnection.php(734): CodeIgniter\Database\MySQLi\Connection->execute('INSERT INTO `usuarios` (`nombre`, `telefono`, `email`, `contraseña`) VALUES (\'juu\', \'23456789\', \'juu@gmail.com\', \'$2y$10$91u0npG4VAwVW5v6zwjo4eCmh8dUinU3IcHx5Sa1EK2kQhQVAX4Mm\')')
 2 SYSTEMPATH\Database\BaseConnection.php(648): CodeIgniter\Database\BaseConnection->simpleQuery('INSERT INTO `usuarios` (`nombre`, `telefono`, `email`, `contraseña`) VALUES (\'juu\', \'23456789\', \'juu@gmail.com\', \'$2y$10$91u0npG4VAwVW5v6zwjo4eCmh8dUinU3IcHx5Sa1EK2kQhQVAX4Mm\')')
 3 SYSTEMPATH\Database\BaseBuilder.php(2340): CodeIgniter\Database\BaseConnection->query('INSERT INTO `usuarios` (`nombre`, `telefono`, `email`, `contraseña`) VALUES (:nombre:, :telefono:, :email:, :contraseña:)', [...], false)
 4 SYSTEMPATH\Model.php(394): CodeIgniter\Database\BaseBuilder->insert()
 5 SYSTEMPATH\BaseModel.php(839): CodeIgniter\Model->doInsert([...])
 6 SYSTEMPATH\Model.php(800): CodeIgniter\BaseModel->insert([...], true)
 7 APPPATH\Controllers\SignUpController.php(25): CodeIgniter\Model->insert([...])
 8 SYSTEMPATH\CodeIgniter.php(933): App\Controllers\SignUpController->store()
 9 SYSTEMPATH\CodeIgniter.php(509): CodeIgniter\CodeIgniter->runController(Object(App\Controllers\SignUpController))
10 SYSTEMPATH\CodeIgniter.php(355): CodeIgniter\CodeIgniter->handleRequest(null, Object(Config\Cache), false)
11 SYSTEMPATH\Boot.php(334): CodeIgniter\CodeIgniter->run()
12 SYSTEMPATH\Boot.php(67): CodeIgniter\Boot::runCodeIgniter(Object(CodeIgniter\CodeIgniter))
13 FCPATH\index.php(56): CodeIgniter\Boot::bootWeb(Object(Config\Paths))
CRITICAL - 2025-02-16 20:08:01 --> [Caused by] mysqli_sql_exception: Duplicate entry 'juu@gmail.com' for key 'usuarios.email'
in SYSTEMPATH\Database\MySQLi\Connection.php on line 312.
 1 SYSTEMPATH\Database\MySQLi\Connection.php(312): mysqli->query('INSERT INTO `usuarios` (`nombre`, `telefono`, `email`, `contraseña`) VALUES (\'juu\', \'23456789\', \'juu@gmail.com\', \'$2y$10$91u0npG4VAwVW5v6zwjo4eCmh8dUinU3IcHx5Sa1EK2kQhQVAX4Mm\')', 0)
 2 SYSTEMPATH\Database\BaseConnection.php(734): CodeIgniter\Database\MySQLi\Connection->execute('INSERT INTO `usuarios` (`nombre`, `telefono`, `email`, `contraseña`) VALUES (\'juu\', \'23456789\', \'juu@gmail.com\', \'$2y$10$91u0npG4VAwVW5v6zwjo4eCmh8dUinU3IcHx5Sa1EK2kQhQVAX4Mm\')')
 3 SYSTEMPATH\Database\BaseConnection.php(648): CodeIgniter\Database\BaseConnection->simpleQuery('INSERT INTO `usuarios` (`nombre`, `telefono`, `email`, `contraseña`) VALUES (\'juu\', \'23456789\', \'juu@gmail.com\', \'$2y$10$91u0npG4VAwVW5v6zwjo4eCmh8dUinU3IcHx5Sa1EK2kQhQVAX4Mm\')')
 4 SYSTEMPATH\Database\BaseBuilder.php(2340): CodeIgniter\Database\BaseConnection->query('INSERT INTO `usuarios` (`nombre`, `telefono`, `email`, `contraseña`) VALUES (:nombre:, :telefono:, :email:, :contraseña:)', [...], false)
 5 SYSTEMPATH\Model.php(394): CodeIgniter\Database\BaseBuilder->insert()
 6 SYSTEMPATH\BaseModel.php(839): CodeIgniter\Model->doInsert([...])
 7 SYSTEMPATH\Model.php(800): CodeIgniter\BaseModel->insert([...], true)
 8 APPPATH\Controllers\SignUpController.php(25): CodeIgniter\Model->insert([...])
 9 SYSTEMPATH\CodeIgniter.php(933): App\Controllers\SignUpController->store()
10 SYSTEMPATH\CodeIgniter.php(509): CodeIgniter\CodeIgniter->runController(Object(App\Controllers\SignUpController))
11 SYSTEMPATH\CodeIgniter.php(355): CodeIgniter\CodeIgniter->handleRequest(null, Object(Config\Cache), false)
12 SYSTEMPATH\Boot.php(334): CodeIgniter\CodeIgniter->run()
13 SYSTEMPATH\Boot.php(67): CodeIgniter\Boot::runCodeIgniter(Object(CodeIgniter\CodeIgniter))
14 FCPATH\index.php(56): CodeIgniter\Boot::bootWeb(Object(Config\Paths))
ERROR - 2025-02-16 20:08:29 --> mysqli_sql_exception: Duplicate entry 'juu@gmail.com' for key 'usuarios.email' in C:\wamp64\www\padel_elite\system\Database\MySQLi\Connection.php:312
Stack trace:
#0 C:\wamp64\www\padel_elite\system\Database\MySQLi\Connection.php(312): mysqli->query('INSERT INTO `us...', 0)
#1 C:\wamp64\www\padel_elite\system\Database\BaseConnection.php(734): CodeIgniter\Database\MySQLi\Connection->execute('INSERT INTO `us...')
#2 C:\wamp64\www\padel_elite\system\Database\BaseConnection.php(648): CodeIgniter\Database\BaseConnection->simpleQuery('INSERT INTO `us...')
#3 C:\wamp64\www\padel_elite\system\Database\BaseBuilder.php(2340): CodeIgniter\Database\BaseConnection->query('INSERT INTO `us...', Array, false)
#4 C:\wamp64\www\padel_elite\system\Model.php(394): CodeIgniter\Database\BaseBuilder->insert()
#5 C:\wamp64\www\padel_elite\system\BaseModel.php(839): CodeIgniter\Model->doInsert(Array)
#6 C:\wamp64\www\padel_elite\system\Model.php(800): CodeIgniter\BaseModel->insert(Array, true)
#7 C:\wamp64\www\padel_elite\app\Controllers\SignUpController.php(25): CodeIgniter\Model->insert(Array)
#8 C:\wamp64\www\padel_elite\system\CodeIgniter.php(933): App\Controllers\SignUpController->store()
#9 C:\wamp64\www\padel_elite\system\CodeIgniter.php(509): CodeIgniter\CodeIgniter->runController(Object(App\Controllers\SignUpController))
#10 C:\wamp64\www\padel_elite\system\CodeIgniter.php(355): CodeIgniter\CodeIgniter->handleRequest(NULL, Object(Config\Cache), false)
#11 C:\wamp64\www\padel_elite\system\Boot.php(334): CodeIgniter\CodeIgniter->run()
#12 C:\wamp64\www\padel_elite\system\Boot.php(67): CodeIgniter\Boot::runCodeIgniter(Object(CodeIgniter\CodeIgniter))
#13 C:\wamp64\www\padel_elite\public\index.php(56): CodeIgniter\Boot::bootWeb(Object(Config\Paths))
#14 {main}
CRITICAL - 2025-02-16 20:08:29 --> CodeIgniter\Database\Exceptions\DatabaseException: Duplicate entry 'juu@gmail.com' for key 'usuarios.email'
[Method: POST, Route: signUp/store]
in SYSTEMPATH\Database\BaseConnection.php on line 688.
 1 SYSTEMPATH\Database\BaseBuilder.php(2340): CodeIgniter\Database\BaseConnection->query('INSERT INTO `usuarios` (`nombre`, `telefono`, `email`, `contraseña`) VALUES (:nombre:, :telefono:, :email:, :contraseña:)', [...], false)
 2 SYSTEMPATH\Model.php(394): CodeIgniter\Database\BaseBuilder->insert()
 3 SYSTEMPATH\BaseModel.php(839): CodeIgniter\Model->doInsert([...])
 4 SYSTEMPATH\Model.php(800): CodeIgniter\BaseModel->insert([...], true)
 5 APPPATH\Controllers\SignUpController.php(25): CodeIgniter\Model->insert([...])
 6 SYSTEMPATH\CodeIgniter.php(933): App\Controllers\SignUpController->store()
 7 SYSTEMPATH\CodeIgniter.php(509): CodeIgniter\CodeIgniter->runController(Object(App\Controllers\SignUpController))
 8 SYSTEMPATH\CodeIgniter.php(355): CodeIgniter\CodeIgniter->handleRequest(null, Object(Config\Cache), false)
 9 SYSTEMPATH\Boot.php(334): CodeIgniter\CodeIgniter->run()
10 SYSTEMPATH\Boot.php(67): CodeIgniter\Boot::runCodeIgniter(Object(CodeIgniter\CodeIgniter))
11 FCPATH\index.php(56): CodeIgniter\Boot::bootWeb(Object(Config\Paths))
CRITICAL - 2025-02-16 20:08:29 --> [Caused by] CodeIgniter\Database\Exceptions\DatabaseException: Duplicate entry 'juu@gmail.com' for key 'usuarios.email'
in SYSTEMPATH\Database\MySQLi\Connection.php on line 317.
 1 SYSTEMPATH\Database\BaseConnection.php(734): CodeIgniter\Database\MySQLi\Connection->execute('INSERT INTO `usuarios` (`nombre`, `telefono`, `email`, `contraseña`) VALUES (\'juu\', \'123456789\', \'juu@gmail.com\', \'$2y$10$egTjDjkdybLfg1Uc.xQu/OcD0OpsoDccwCa6bTjQ/npMrEpTyDLNq\')')
 2 SYSTEMPATH\Database\BaseConnection.php(648): CodeIgniter\Database\BaseConnection->simpleQuery('INSERT INTO `usuarios` (`nombre`, `telefono`, `email`, `contraseña`) VALUES (\'juu\', \'123456789\', \'juu@gmail.com\', \'$2y$10$egTjDjkdybLfg1Uc.xQu/OcD0OpsoDccwCa6bTjQ/npMrEpTyDLNq\')')
 3 SYSTEMPATH\Database\BaseBuilder.php(2340): CodeIgniter\Database\BaseConnection->query('INSERT INTO `usuarios` (`nombre`, `telefono`, `email`, `contraseña`) VALUES (:nombre:, :telefono:, :email:, :contraseña:)', [...], false)
 4 SYSTEMPATH\Model.php(394): CodeIgniter\Database\BaseBuilder->insert()
 5 SYSTEMPATH\BaseModel.php(839): CodeIgniter\Model->doInsert([...])
 6 SYSTEMPATH\Model.php(800): CodeIgniter\BaseModel->insert([...], true)
 7 APPPATH\Controllers\SignUpController.php(25): CodeIgniter\Model->insert([...])
 8 SYSTEMPATH\CodeIgniter.php(933): App\Controllers\SignUpController->store()
 9 SYSTEMPATH\CodeIgniter.php(509): CodeIgniter\CodeIgniter->runController(Object(App\Controllers\SignUpController))
10 SYSTEMPATH\CodeIgniter.php(355): CodeIgniter\CodeIgniter->handleRequest(null, Object(Config\Cache), false)
11 SYSTEMPATH\Boot.php(334): CodeIgniter\CodeIgniter->run()
12 SYSTEMPATH\Boot.php(67): CodeIgniter\Boot::runCodeIgniter(Object(CodeIgniter\CodeIgniter))
13 FCPATH\index.php(56): CodeIgniter\Boot::bootWeb(Object(Config\Paths))
CRITICAL - 2025-02-16 20:08:29 --> [Caused by] mysqli_sql_exception: Duplicate entry 'juu@gmail.com' for key 'usuarios.email'
in SYSTEMPATH\Database\MySQLi\Connection.php on line 312.
 1 SYSTEMPATH\Database\MySQLi\Connection.php(312): mysqli->query('INSERT INTO `usuarios` (`nombre`, `telefono`, `email`, `contraseña`) VALUES (\'juu\', \'123456789\', \'juu@gmail.com\', \'$2y$10$egTjDjkdybLfg1Uc.xQu/OcD0OpsoDccwCa6bTjQ/npMrEpTyDLNq\')', 0)
 2 SYSTEMPATH\Database\BaseConnection.php(734): CodeIgniter\Database\MySQLi\Connection->execute('INSERT INTO `usuarios` (`nombre`, `telefono`, `email`, `contraseña`) VALUES (\'juu\', \'123456789\', \'juu@gmail.com\', \'$2y$10$egTjDjkdybLfg1Uc.xQu/OcD0OpsoDccwCa6bTjQ/npMrEpTyDLNq\')')
 3 SYSTEMPATH\Database\BaseConnection.php(648): CodeIgniter\Database\BaseConnection->simpleQuery('INSERT INTO `usuarios` (`nombre`, `telefono`, `email`, `contraseña`) VALUES (\'juu\', \'123456789\', \'juu@gmail.com\', \'$2y$10$egTjDjkdybLfg1Uc.xQu/OcD0OpsoDccwCa6bTjQ/npMrEpTyDLNq\')')
 4 SYSTEMPATH\Database\BaseBuilder.php(2340): CodeIgniter\Database\BaseConnection->query('INSERT INTO `usuarios` (`nombre`, `telefono`, `email`, `contraseña`) VALUES (:nombre:, :telefono:, :email:, :contraseña:)', [...], false)
 5 SYSTEMPATH\Model.php(394): CodeIgniter\Database\BaseBuilder->insert()
 6 SYSTEMPATH\BaseModel.php(839): CodeIgniter\Model->doInsert([...])
 7 SYSTEMPATH\Model.php(800): CodeIgniter\BaseModel->insert([...], true)
 8 APPPATH\Controllers\SignUpController.php(25): CodeIgniter\Model->insert([...])
 9 SYSTEMPATH\CodeIgniter.php(933): App\Controllers\SignUpController->store()
10 SYSTEMPATH\CodeIgniter.php(509): CodeIgniter\CodeIgniter->runController(Object(App\Controllers\SignUpController))
11 SYSTEMPATH\CodeIgniter.php(355): CodeIgniter\CodeIgniter->handleRequest(null, Object(Config\Cache), false)
12 SYSTEMPATH\Boot.php(334): CodeIgniter\CodeIgniter->run()
13 SYSTEMPATH\Boot.php(67): CodeIgniter\Boot::runCodeIgniter(Object(CodeIgniter\CodeIgniter))
14 FCPATH\index.php(56): CodeIgniter\Boot::bootWeb(Object(Config\Paths))
ERROR - 2025-02-16 20:08:39 --> mysqli_sql_exception: Duplicate entry 'juu@gmail.com' for key 'usuarios.email' in C:\wamp64\www\padel_elite\system\Database\MySQLi\Connection.php:312
Stack trace:
#0 C:\wamp64\www\padel_elite\system\Database\MySQLi\Connection.php(312): mysqli->query('INSERT INTO `us...', 0)
#1 C:\wamp64\www\padel_elite\system\Database\BaseConnection.php(734): CodeIgniter\Database\MySQLi\Connection->execute('INSERT INTO `us...')
#2 C:\wamp64\www\padel_elite\system\Database\BaseConnection.php(648): CodeIgniter\Database\BaseConnection->simpleQuery('INSERT INTO `us...')
#3 C:\wamp64\www\padel_elite\system\Database\BaseBuilder.php(2340): CodeIgniter\Database\BaseConnection->query('INSERT INTO `us...', Array, false)
#4 C:\wamp64\www\padel_elite\system\Model.php(394): CodeIgniter\Database\BaseBuilder->insert()
#5 C:\wamp64\www\padel_elite\system\BaseModel.php(839): CodeIgniter\Model->doInsert(Array)
#6 C:\wamp64\www\padel_elite\system\Model.php(800): CodeIgniter\BaseModel->insert(Array, true)
#7 C:\wamp64\www\padel_elite\app\Controllers\SignUpController.php(25): CodeIgniter\Model->insert(Array)
#8 C:\wamp64\www\padel_elite\system\CodeIgniter.php(933): App\Controllers\SignUpController->store()
#9 C:\wamp64\www\padel_elite\system\CodeIgniter.php(509): CodeIgniter\CodeIgniter->runController(Object(App\Controllers\SignUpController))
#10 C:\wamp64\www\padel_elite\system\CodeIgniter.php(355): CodeIgniter\CodeIgniter->handleRequest(NULL, Object(Config\Cache), false)
#11 C:\wamp64\www\padel_elite\system\Boot.php(334): CodeIgniter\CodeIgniter->run()
#12 C:\wamp64\www\padel_elite\system\Boot.php(67): CodeIgniter\Boot::runCodeIgniter(Object(CodeIgniter\CodeIgniter))
#13 C:\wamp64\www\padel_elite\public\index.php(56): CodeIgniter\Boot::bootWeb(Object(Config\Paths))
#14 {main}
CRITICAL - 2025-02-16 20:08:39 --> CodeIgniter\Database\Exceptions\DatabaseException: Duplicate entry 'juu@gmail.com' for key 'usuarios.email'
[Method: POST, Route: signUp/store]
in SYSTEMPATH\Database\BaseConnection.php on line 688.
 1 SYSTEMPATH\Database\BaseBuilder.php(2340): CodeIgniter\Database\BaseConnection->query('INSERT INTO `usuarios` (`nombre`, `telefono`, `email`, `contraseña`) VALUES (:nombre:, :telefono:, :email:, :contraseña:)', [...], false)
 2 SYSTEMPATH\Model.php(394): CodeIgniter\Database\BaseBuilder->insert()
 3 SYSTEMPATH\BaseModel.php(839): CodeIgniter\Model->doInsert([...])
 4 SYSTEMPATH\Model.php(800): CodeIgniter\BaseModel->insert([...], true)
 5 APPPATH\Controllers\SignUpController.php(25): CodeIgniter\Model->insert([...])
 6 SYSTEMPATH\CodeIgniter.php(933): App\Controllers\SignUpController->store()
 7 SYSTEMPATH\CodeIgniter.php(509): CodeIgniter\CodeIgniter->runController(Object(App\Controllers\SignUpController))
 8 SYSTEMPATH\CodeIgniter.php(355): CodeIgniter\CodeIgniter->handleRequest(null, Object(Config\Cache), false)
 9 SYSTEMPATH\Boot.php(334): CodeIgniter\CodeIgniter->run()
10 SYSTEMPATH\Boot.php(67): CodeIgniter\Boot::runCodeIgniter(Object(CodeIgniter\CodeIgniter))
11 FCPATH\index.php(56): CodeIgniter\Boot::bootWeb(Object(Config\Paths))
CRITICAL - 2025-02-16 20:08:39 --> [Caused by] CodeIgniter\Database\Exceptions\DatabaseException: Duplicate entry 'juu@gmail.com' for key 'usuarios.email'
in SYSTEMPATH\Database\MySQLi\Connection.php on line 317.
 1 SYSTEMPATH\Database\BaseConnection.php(734): CodeIgniter\Database\MySQLi\Connection->execute('INSERT INTO `usuarios` (`nombre`, `telefono`, `email`, `contraseña`) VALUES (\'juuli\', \'123456789\', \'juu@gmail.com\', \'$2y$10$JAETaGcVgAeZbPA/f26UBO6HGu0y01v5QhsbiJfbjiqg9O.XBE4y.\')')
 2 SYSTEMPATH\Database\BaseConnection.php(648): CodeIgniter\Database\BaseConnection->simpleQuery('INSERT INTO `usuarios` (`nombre`, `telefono`, `email`, `contraseña`) VALUES (\'juuli\', \'123456789\', \'juu@gmail.com\', \'$2y$10$JAETaGcVgAeZbPA/f26UBO6HGu0y01v5QhsbiJfbjiqg9O.XBE4y.\')')
 3 SYSTEMPATH\Database\BaseBuilder.php(2340): CodeIgniter\Database\BaseConnection->query('INSERT INTO `usuarios` (`nombre`, `telefono`, `email`, `contraseña`) VALUES (:nombre:, :telefono:, :email:, :contraseña:)', [...], false)
 4 SYSTEMPATH\Model.php(394): CodeIgniter\Database\BaseBuilder->insert()
 5 SYSTEMPATH\BaseModel.php(839): CodeIgniter\Model->doInsert([...])
 6 SYSTEMPATH\Model.php(800): CodeIgniter\BaseModel->insert([...], true)
 7 APPPATH\Controllers\SignUpController.php(25): CodeIgniter\Model->insert([...])
 8 SYSTEMPATH\CodeIgniter.php(933): App\Controllers\SignUpController->store()
 9 SYSTEMPATH\CodeIgniter.php(509): CodeIgniter\CodeIgniter->runController(Object(App\Controllers\SignUpController))
10 SYSTEMPATH\CodeIgniter.php(355): CodeIgniter\CodeIgniter->handleRequest(null, Object(Config\Cache), false)
11 SYSTEMPATH\Boot.php(334): CodeIgniter\CodeIgniter->run()
12 SYSTEMPATH\Boot.php(67): CodeIgniter\Boot::runCodeIgniter(Object(CodeIgniter\CodeIgniter))
13 FCPATH\index.php(56): CodeIgniter\Boot::bootWeb(Object(Config\Paths))
CRITICAL - 2025-02-16 20:08:39 --> [Caused by] mysqli_sql_exception: Duplicate entry 'juu@gmail.com' for key 'usuarios.email'
in SYSTEMPATH\Database\MySQLi\Connection.php on line 312.
 1 SYSTEMPATH\Database\MySQLi\Connection.php(312): mysqli->query('INSERT INTO `usuarios` (`nombre`, `telefono`, `email`, `contraseña`) VALUES (\'juuli\', \'123456789\', \'juu@gmail.com\', \'$2y$10$JAETaGcVgAeZbPA/f26UBO6HGu0y01v5QhsbiJfbjiqg9O.XBE4y.\')', 0)
 2 SYSTEMPATH\Database\BaseConnection.php(734): CodeIgniter\Database\MySQLi\Connection->execute('INSERT INTO `usuarios` (`nombre`, `telefono`, `email`, `contraseña`) VALUES (\'juuli\', \'123456789\', \'juu@gmail.com\', \'$2y$10$JAETaGcVgAeZbPA/f26UBO6HGu0y01v5QhsbiJfbjiqg9O.XBE4y.\')')
 3 SYSTEMPATH\Database\BaseConnection.php(648): CodeIgniter\Database\BaseConnection->simpleQuery('INSERT INTO `usuarios` (`nombre`, `telefono`, `email`, `contraseña`) VALUES (\'juuli\', \'123456789\', \'juu@gmail.com\', \'$2y$10$JAETaGcVgAeZbPA/f26UBO6HGu0y01v5QhsbiJfbjiqg9O.XBE4y.\')')
 4 SYSTEMPATH\Database\BaseBuilder.php(2340): CodeIgniter\Database\BaseConnection->query('INSERT INTO `usuarios` (`nombre`, `telefono`, `email`, `contraseña`) VALUES (:nombre:, :telefono:, :email:, :contraseña:)', [...], false)
 5 SYSTEMPATH\Model.php(394): CodeIgniter\Database\BaseBuilder->insert()
 6 SYSTEMPATH\BaseModel.php(839): CodeIgniter\Model->doInsert([...])
 7 SYSTEMPATH\Model.php(800): CodeIgniter\BaseModel->insert([...], true)
 8 APPPATH\Controllers\SignUpController.php(25): CodeIgniter\Model->insert([...])
 9 SYSTEMPATH\CodeIgniter.php(933): App\Controllers\SignUpController->store()
10 SYSTEMPATH\CodeIgniter.php(509): CodeIgniter\CodeIgniter->runController(Object(App\Controllers\SignUpController))
11 SYSTEMPATH\CodeIgniter.php(355): CodeIgniter\CodeIgniter->handleRequest(null, Object(Config\Cache), false)
12 SYSTEMPATH\Boot.php(334): CodeIgniter\CodeIgniter->run()
13 SYSTEMPATH\Boot.php(67): CodeIgniter\Boot::runCodeIgniter(Object(CodeIgniter\CodeIgniter))
14 FCPATH\index.php(56): CodeIgniter\Boot::bootWeb(Object(Config\Paths))
ERROR - 2025-02-16 20:08:51 --> mysqli_sql_exception: Duplicate entry 'juu@gmail.com' for key 'usuarios.email' in C:\wamp64\www\padel_elite\system\Database\MySQLi\Connection.php:312
Stack trace:
#0 C:\wamp64\www\padel_elite\system\Database\MySQLi\Connection.php(312): mysqli->query('INSERT INTO `us...', 0)
#1 C:\wamp64\www\padel_elite\system\Database\BaseConnection.php(734): CodeIgniter\Database\MySQLi\Connection->execute('INSERT INTO `us...')
#2 C:\wamp64\www\padel_elite\system\Database\BaseConnection.php(648): CodeIgniter\Database\BaseConnection->simpleQuery('INSERT INTO `us...')
#3 C:\wamp64\www\padel_elite\system\Database\BaseBuilder.php(2340): CodeIgniter\Database\BaseConnection->query('INSERT INTO `us...', Array, false)
#4 C:\wamp64\www\padel_elite\system\Model.php(394): CodeIgniter\Database\BaseBuilder->insert()
#5 C:\wamp64\www\padel_elite\system\BaseModel.php(839): CodeIgniter\Model->doInsert(Array)
#6 C:\wamp64\www\padel_elite\system\Model.php(800): CodeIgniter\BaseModel->insert(Array, true)
#7 C:\wamp64\www\padel_elite\app\Controllers\SignUpController.php(25): CodeIgniter\Model->insert(Array)
#8 C:\wamp64\www\padel_elite\system\CodeIgniter.php(933): App\Controllers\SignUpController->store()
#9 C:\wamp64\www\padel_elite\system\CodeIgniter.php(509): CodeIgniter\CodeIgniter->runController(Object(App\Controllers\SignUpController))
#10 C:\wamp64\www\padel_elite\system\CodeIgniter.php(355): CodeIgniter\CodeIgniter->handleRequest(NULL, Object(Config\Cache), false)
#11 C:\wamp64\www\padel_elite\system\Boot.php(334): CodeIgniter\CodeIgniter->run()
#12 C:\wamp64\www\padel_elite\system\Boot.php(67): CodeIgniter\Boot::runCodeIgniter(Object(CodeIgniter\CodeIgniter))
#13 C:\wamp64\www\padel_elite\public\index.php(56): CodeIgniter\Boot::bootWeb(Object(Config\Paths))
#14 {main}
CRITICAL - 2025-02-16 20:08:51 --> CodeIgniter\Database\Exceptions\DatabaseException: Duplicate entry 'juu@gmail.com' for key 'usuarios.email'
[Method: POST, Route: signUp/store]
in SYSTEMPATH\Database\BaseConnection.php on line 688.
 1 SYSTEMPATH\Database\BaseBuilder.php(2340): CodeIgniter\Database\BaseConnection->query('INSERT INTO `usuarios` (`nombre`, `telefono`, `email`, `contraseña`) VALUES (:nombre:, :telefono:, :email:, :contraseña:)', [...], false)
 2 SYSTEMPATH\Model.php(394): CodeIgniter\Database\BaseBuilder->insert()
 3 SYSTEMPATH\BaseModel.php(839): CodeIgniter\Model->doInsert([...])
 4 SYSTEMPATH\Model.php(800): CodeIgniter\BaseModel->insert([...], true)
 5 APPPATH\Controllers\SignUpController.php(25): CodeIgniter\Model->insert([...])
 6 SYSTEMPATH\CodeIgniter.php(933): App\Controllers\SignUpController->store()
 7 SYSTEMPATH\CodeIgniter.php(509): CodeIgniter\CodeIgniter->runController(Object(App\Controllers\SignUpController))
 8 SYSTEMPATH\CodeIgniter.php(355): CodeIgniter\CodeIgniter->handleRequest(null, Object(Config\Cache), false)
 9 SYSTEMPATH\Boot.php(334): CodeIgniter\CodeIgniter->run()
10 SYSTEMPATH\Boot.php(67): CodeIgniter\Boot::runCodeIgniter(Object(CodeIgniter\CodeIgniter))
11 FCPATH\index.php(56): CodeIgniter\Boot::bootWeb(Object(Config\Paths))
CRITICAL - 2025-02-16 20:08:51 --> [Caused by] CodeIgniter\Database\Exceptions\DatabaseException: Duplicate entry 'juu@gmail.com' for key 'usuarios.email'
in SYSTEMPATH\Database\MySQLi\Connection.php on line 317.
 1 SYSTEMPATH\Database\BaseConnection.php(734): CodeIgniter\Database\MySQLi\Connection->execute('INSERT INTO `usuarios` (`nombre`, `telefono`, `email`, `contraseña`) VALUES (\'juuli\', \'123456789\', \'juu@gmail.com\', \'$2y$10$kWuhuiRh/G1Eo78MnZaK3O.S6JPG9hC2udMaNlZn.yqILzuokI3Le\')')
 2 SYSTEMPATH\Database\BaseConnection.php(648): CodeIgniter\Database\BaseConnection->simpleQuery('INSERT INTO `usuarios` (`nombre`, `telefono`, `email`, `contraseña`) VALUES (\'juuli\', \'123456789\', \'juu@gmail.com\', \'$2y$10$kWuhuiRh/G1Eo78MnZaK3O.S6JPG9hC2udMaNlZn.yqILzuokI3Le\')')
 3 SYSTEMPATH\Database\BaseBuilder.php(2340): CodeIgniter\Database\BaseConnection->query('INSERT INTO `usuarios` (`nombre`, `telefono`, `email`, `contraseña`) VALUES (:nombre:, :telefono:, :email:, :contraseña:)', [...], false)
 4 SYSTEMPATH\Model.php(394): CodeIgniter\Database\BaseBuilder->insert()
 5 SYSTEMPATH\BaseModel.php(839): CodeIgniter\Model->doInsert([...])
 6 SYSTEMPATH\Model.php(800): CodeIgniter\BaseModel->insert([...], true)
 7 APPPATH\Controllers\SignUpController.php(25): CodeIgniter\Model->insert([...])
 8 SYSTEMPATH\CodeIgniter.php(933): App\Controllers\SignUpController->store()
 9 SYSTEMPATH\CodeIgniter.php(509): CodeIgniter\CodeIgniter->runController(Object(App\Controllers\SignUpController))
10 SYSTEMPATH\CodeIgniter.php(355): CodeIgniter\CodeIgniter->handleRequest(null, Object(Config\Cache), false)
11 SYSTEMPATH\Boot.php(334): CodeIgniter\CodeIgniter->run()
12 SYSTEMPATH\Boot.php(67): CodeIgniter\Boot::runCodeIgniter(Object(CodeIgniter\CodeIgniter))
13 FCPATH\index.php(56): CodeIgniter\Boot::bootWeb(Object(Config\Paths))
CRITICAL - 2025-02-16 20:08:51 --> [Caused by] mysqli_sql_exception: Duplicate entry 'juu@gmail.com' for key 'usuarios.email'
in SYSTEMPATH\Database\MySQLi\Connection.php on line 312.
 1 SYSTEMPATH\Database\MySQLi\Connection.php(312): mysqli->query('INSERT INTO `usuarios` (`nombre`, `telefono`, `email`, `contraseña`) VALUES (\'juuli\', \'123456789\', \'juu@gmail.com\', \'$2y$10$kWuhuiRh/G1Eo78MnZaK3O.S6JPG9hC2udMaNlZn.yqILzuokI3Le\')', 0)
 2 SYSTEMPATH\Database\BaseConnection.php(734): CodeIgniter\Database\MySQLi\Connection->execute('INSERT INTO `usuarios` (`nombre`, `telefono`, `email`, `contraseña`) VALUES (\'juuli\', \'123456789\', \'juu@gmail.com\', \'$2y$10$kWuhuiRh/G1Eo78MnZaK3O.S6JPG9hC2udMaNlZn.yqILzuokI3Le\')')
 3 SYSTEMPATH\Database\BaseConnection.php(648): CodeIgniter\Database\BaseConnection->simpleQuery('INSERT INTO `usuarios` (`nombre`, `telefono`, `email`, `contraseña`) VALUES (\'juuli\', \'123456789\', \'juu@gmail.com\', \'$2y$10$kWuhuiRh/G1Eo78MnZaK3O.S6JPG9hC2udMaNlZn.yqILzuokI3Le\')')
 4 SYSTEMPATH\Database\BaseBuilder.php(2340): CodeIgniter\Database\BaseConnection->query('INSERT INTO `usuarios` (`nombre`, `telefono`, `email`, `contraseña`) VALUES (:nombre:, :telefono:, :email:, :contraseña:)', [...], false)
 5 SYSTEMPATH\Model.php(394): CodeIgniter\Database\BaseBuilder->insert()
 6 SYSTEMPATH\BaseModel.php(839): CodeIgniter\Model->doInsert([...])
 7 SYSTEMPATH\Model.php(800): CodeIgniter\BaseModel->insert([...], true)
 8 APPPATH\Controllers\SignUpController.php(25): CodeIgniter\Model->insert([...])
 9 SYSTEMPATH\CodeIgniter.php(933): App\Controllers\SignUpController->store()
10 SYSTEMPATH\CodeIgniter.php(509): CodeIgniter\CodeIgniter->runController(Object(App\Controllers\SignUpController))
11 SYSTEMPATH\CodeIgniter.php(355): CodeIgniter\CodeIgniter->handleRequest(null, Object(Config\Cache), false)
12 SYSTEMPATH\Boot.php(334): CodeIgniter\CodeIgniter->run()
13 SYSTEMPATH\Boot.php(67): CodeIgniter\Boot::runCodeIgniter(Object(CodeIgniter\CodeIgniter))
14 FCPATH\index.php(56): CodeIgniter\Boot::bootWeb(Object(Config\Paths))
ERROR - 2025-02-16 22:03:48 --> mysqli_sql_exception: Duplicate entry 'alonso@gmail.com' for key 'usuarios.email' in C:\wamp64\www\padel_elite\system\Database\MySQLi\Connection.php:312
Stack trace:
#0 C:\wamp64\www\padel_elite\system\Database\MySQLi\Connection.php(312): mysqli->query('INSERT INTO `us...', 0)
#1 C:\wamp64\www\padel_elite\system\Database\BaseConnection.php(734): CodeIgniter\Database\MySQLi\Connection->execute('INSERT INTO `us...')
#2 C:\wamp64\www\padel_elite\system\Database\BaseConnection.php(648): CodeIgniter\Database\BaseConnection->simpleQuery('INSERT INTO `us...')
#3 C:\wamp64\www\padel_elite\system\Database\BaseBuilder.php(2340): CodeIgniter\Database\BaseConnection->query('INSERT INTO `us...', Array, false)
#4 C:\wamp64\www\padel_elite\system\Model.php(394): CodeIgniter\Database\BaseBuilder->insert()
#5 C:\wamp64\www\padel_elite\system\BaseModel.php(839): CodeIgniter\Model->doInsert(Array)
#6 C:\wamp64\www\padel_elite\system\Model.php(800): CodeIgniter\BaseModel->insert(Array, true)
#7 C:\wamp64\www\padel_elite\app\Controllers\SignUpController.php(25): CodeIgniter\Model->insert(Array)
#8 C:\wamp64\www\padel_elite\system\CodeIgniter.php(933): App\Controllers\SignUpController->store()
#9 C:\wamp64\www\padel_elite\system\CodeIgniter.php(509): CodeIgniter\CodeIgniter->runController(Object(App\Controllers\SignUpController))
#10 C:\wamp64\www\padel_elite\system\CodeIgniter.php(355): CodeIgniter\CodeIgniter->handleRequest(NULL, Object(Config\Cache), false)
#11 C:\wamp64\www\padel_elite\system\Boot.php(334): CodeIgniter\CodeIgniter->run()
#12 C:\wamp64\www\padel_elite\system\Boot.php(67): CodeIgniter\Boot::runCodeIgniter(Object(CodeIgniter\CodeIgniter))
#13 C:\wamp64\www\padel_elite\public\index.php(56): CodeIgniter\Boot::bootWeb(Object(Config\Paths))
#14 {main}
CRITICAL - 2025-02-16 22:03:48 --> CodeIgniter\Database\Exceptions\DatabaseException: Duplicate entry 'alonso@gmail.com' for key 'usuarios.email'
[Method: POST, Route: signUp/store]
in SYSTEMPATH\Database\BaseConnection.php on line 688.
 1 SYSTEMPATH\Database\BaseBuilder.php(2340): CodeIgniter\Database\BaseConnection->query('INSERT INTO `usuarios` (`nombre`, `telefono`, `email`, `contraseña`) VALUES (:nombre:, :telefono:, :email:, :contraseña:)', [...], false)
 2 SYSTEMPATH\Model.php(394): CodeIgniter\Database\BaseBuilder->insert()
 3 SYSTEMPATH\BaseModel.php(839): CodeIgniter\Model->doInsert([...])
 4 SYSTEMPATH\Model.php(800): CodeIgniter\BaseModel->insert([...], true)
 5 APPPATH\Controllers\SignUpController.php(25): CodeIgniter\Model->insert([...])
 6 SYSTEMPATH\CodeIgniter.php(933): App\Controllers\SignUpController->store()
 7 SYSTEMPATH\CodeIgniter.php(509): CodeIgniter\CodeIgniter->runController(Object(App\Controllers\SignUpController))
 8 SYSTEMPATH\CodeIgniter.php(355): CodeIgniter\CodeIgniter->handleRequest(null, Object(Config\Cache), false)
 9 SYSTEMPATH\Boot.php(334): CodeIgniter\CodeIgniter->run()
10 SYSTEMPATH\Boot.php(67): CodeIgniter\Boot::runCodeIgniter(Object(CodeIgniter\CodeIgniter))
11 FCPATH\index.php(56): CodeIgniter\Boot::bootWeb(Object(Config\Paths))
CRITICAL - 2025-02-16 22:03:48 --> [Caused by] CodeIgniter\Database\Exceptions\DatabaseException: Duplicate entry 'alonso@gmail.com' for key 'usuarios.email'
in SYSTEMPATH\Database\MySQLi\Connection.php on line 317.
 1 SYSTEMPATH\Database\BaseConnection.php(734): CodeIgniter\Database\MySQLi\Connection->execute('INSERT INTO `usuarios` (`nombre`, `telefono`, `email`, `contraseña`) VALUES (\'Alonso\', \'123456789\', \'alonso@gmail.com\', \'$2y$10$CYta1.V.jHgn9S/exaPkte5nPWHIn3K3wCAicrNsez0mPt0QCCkaS\')')
 2 SYSTEMPATH\Database\BaseConnection.php(648): CodeIgniter\Database\BaseConnection->simpleQuery('INSERT INTO `usuarios` (`nombre`, `telefono`, `email`, `contraseña`) VALUES (\'Alonso\', \'123456789\', \'alonso@gmail.com\', \'$2y$10$CYta1.V.jHgn9S/exaPkte5nPWHIn3K3wCAicrNsez0mPt0QCCkaS\')')
 3 SYSTEMPATH\Database\BaseBuilder.php(2340): CodeIgniter\Database\BaseConnection->query('INSERT INTO `usuarios` (`nombre`, `telefono`, `email`, `contraseña`) VALUES (:nombre:, :telefono:, :email:, :contraseña:)', [...], false)
 4 SYSTEMPATH\Model.php(394): CodeIgniter\Database\BaseBuilder->insert()
 5 SYSTEMPATH\BaseModel.php(839): CodeIgniter\Model->doInsert([...])
 6 SYSTEMPATH\Model.php(800): CodeIgniter\BaseModel->insert([...], true)
 7 APPPATH\Controllers\SignUpController.php(25): CodeIgniter\Model->insert([...])
 8 SYSTEMPATH\CodeIgniter.php(933): App\Controllers\SignUpController->store()
 9 SYSTEMPATH\CodeIgniter.php(509): CodeIgniter\CodeIgniter->runController(Object(App\Controllers\SignUpController))
10 SYSTEMPATH\CodeIgniter.php(355): CodeIgniter\CodeIgniter->handleRequest(null, Object(Config\Cache), false)
11 SYSTEMPATH\Boot.php(334): CodeIgniter\CodeIgniter->run()
12 SYSTEMPATH\Boot.php(67): CodeIgniter\Boot::runCodeIgniter(Object(CodeIgniter\CodeIgniter))
13 FCPATH\index.php(56): CodeIgniter\Boot::bootWeb(Object(Config\Paths))
CRITICAL - 2025-02-16 22:03:48 --> [Caused by] mysqli_sql_exception: Duplicate entry 'alonso@gmail.com' for key 'usuarios.email'
in SYSTEMPATH\Database\MySQLi\Connection.php on line 312.
 1 SYSTEMPATH\Database\MySQLi\Connection.php(312): mysqli->query('INSERT INTO `usuarios` (`nombre`, `telefono`, `email`, `contraseña`) VALUES (\'Alonso\', \'123456789\', \'alonso@gmail.com\', \'$2y$10$CYta1.V.jHgn9S/exaPkte5nPWHIn3K3wCAicrNsez0mPt0QCCkaS\')', 0)
 2 SYSTEMPATH\Database\BaseConnection.php(734): CodeIgniter\Database\MySQLi\Connection->execute('INSERT INTO `usuarios` (`nombre`, `telefono`, `email`, `contraseña`) VALUES (\'Alonso\', \'123456789\', \'alonso@gmail.com\', \'$2y$10$CYta1.V.jHgn9S/exaPkte5nPWHIn3K3wCAicrNsez0mPt0QCCkaS\')')
 3 SYSTEMPATH\Database\BaseConnection.php(648): CodeIgniter\Database\BaseConnection->simpleQuery('INSERT INTO `usuarios` (`nombre`, `telefono`, `email`, `contraseña`) VALUES (\'Alonso\', \'123456789\', \'alonso@gmail.com\', \'$2y$10$CYta1.V.jHgn9S/exaPkte5nPWHIn3K3wCAicrNsez0mPt0QCCkaS\')')
 4 SYSTEMPATH\Database\BaseBuilder.php(2340): CodeIgniter\Database\BaseConnection->query('INSERT INTO `usuarios` (`nombre`, `telefono`, `email`, `contraseña`) VALUES (:nombre:, :telefono:, :email:, :contraseña:)', [...], false)
 5 SYSTEMPATH\Model.php(394): CodeIgniter\Database\BaseBuilder->insert()
 6 SYSTEMPATH\BaseModel.php(839): CodeIgniter\Model->doInsert([...])
 7 SYSTEMPATH\Model.php(800): CodeIgniter\BaseModel->insert([...], true)
 8 APPPATH\Controllers\SignUpController.php(25): CodeIgniter\Model->insert([...])
 9 SYSTEMPATH\CodeIgniter.php(933): App\Controllers\SignUpController->store()
10 SYSTEMPATH\CodeIgniter.php(509): CodeIgniter\CodeIgniter->runController(Object(App\Controllers\SignUpController))
11 SYSTEMPATH\CodeIgniter.php(355): CodeIgniter\CodeIgniter->handleRequest(null, Object(Config\Cache), false)
12 SYSTEMPATH\Boot.php(334): CodeIgniter\CodeIgniter->run()
13 SYSTEMPATH\Boot.php(67): CodeIgniter\Boot::runCodeIgniter(Object(CodeIgniter\CodeIgniter))
14 FCPATH\index.php(56): CodeIgniter\Boot::bootWeb(Object(Config\Paths))
ERROR - 2025-02-16 22:04:00 --> mysqli_sql_exception: Duplicate entry 'alonso@gmail.com' for key 'usuarios.email' in C:\wamp64\www\padel_elite\system\Database\MySQLi\Connection.php:312
Stack trace:
#0 C:\wamp64\www\padel_elite\system\Database\MySQLi\Connection.php(312): mysqli->query('INSERT INTO `us...', 0)
#1 C:\wamp64\www\padel_elite\system\Database\BaseConnection.php(734): CodeIgniter\Database\MySQLi\Connection->execute('INSERT INTO `us...')
#2 C:\wamp64\www\padel_elite\system\Database\BaseConnection.php(648): CodeIgniter\Database\BaseConnection->simpleQuery('INSERT INTO `us...')
#3 C:\wamp64\www\padel_elite\system\Database\BaseBuilder.php(2340): CodeIgniter\Database\BaseConnection->query('INSERT INTO `us...', Array, false)
#4 C:\wamp64\www\padel_elite\system\Model.php(394): CodeIgniter\Database\BaseBuilder->insert()
#5 C:\wamp64\www\padel_elite\system\BaseModel.php(839): CodeIgniter\Model->doInsert(Array)
#6 C:\wamp64\www\padel_elite\system\Model.php(800): CodeIgniter\BaseModel->insert(Array, true)
#7 C:\wamp64\www\padel_elite\app\Controllers\SignUpController.php(25): CodeIgniter\Model->insert(Array)
#8 C:\wamp64\www\padel_elite\system\CodeIgniter.php(933): App\Controllers\SignUpController->store()
#9 C:\wamp64\www\padel_elite\system\CodeIgniter.php(509): CodeIgniter\CodeIgniter->runController(Object(App\Controllers\SignUpController))
#10 C:\wamp64\www\padel_elite\system\CodeIgniter.php(355): CodeIgniter\CodeIgniter->handleRequest(NULL, Object(Config\Cache), false)
#11 C:\wamp64\www\padel_elite\system\Boot.php(334): CodeIgniter\CodeIgniter->run()
#12 C:\wamp64\www\padel_elite\system\Boot.php(67): CodeIgniter\Boot::runCodeIgniter(Object(CodeIgniter\CodeIgniter))
#13 C:\wamp64\www\padel_elite\public\index.php(56): CodeIgniter\Boot::bootWeb(Object(Config\Paths))
#14 {main}
CRITICAL - 2025-02-16 22:04:00 --> CodeIgniter\Database\Exceptions\DatabaseException: Duplicate entry 'alonso@gmail.com' for key 'usuarios.email'
[Method: POST, Route: signUp/store]
in SYSTEMPATH\Database\BaseConnection.php on line 688.
 1 SYSTEMPATH\Database\BaseBuilder.php(2340): CodeIgniter\Database\BaseConnection->query('INSERT INTO `usuarios` (`nombre`, `telefono`, `email`, `contraseña`) VALUES (:nombre:, :telefono:, :email:, :contraseña:)', [...], false)
 2 SYSTEMPATH\Model.php(394): CodeIgniter\Database\BaseBuilder->insert()
 3 SYSTEMPATH\BaseModel.php(839): CodeIgniter\Model->doInsert([...])
 4 SYSTEMPATH\Model.php(800): CodeIgniter\BaseModel->insert([...], true)
 5 APPPATH\Controllers\SignUpController.php(25): CodeIgniter\Model->insert([...])
 6 SYSTEMPATH\CodeIgniter.php(933): App\Controllers\SignUpController->store()
 7 SYSTEMPATH\CodeIgniter.php(509): CodeIgniter\CodeIgniter->runController(Object(App\Controllers\SignUpController))
 8 SYSTEMPATH\CodeIgniter.php(355): CodeIgniter\CodeIgniter->handleRequest(null, Object(Config\Cache), false)
 9 SYSTEMPATH\Boot.php(334): CodeIgniter\CodeIgniter->run()
10 SYSTEMPATH\Boot.php(67): CodeIgniter\Boot::runCodeIgniter(Object(CodeIgniter\CodeIgniter))
11 FCPATH\index.php(56): CodeIgniter\Boot::bootWeb(Object(Config\Paths))
CRITICAL - 2025-02-16 22:04:00 --> [Caused by] CodeIgniter\Database\Exceptions\DatabaseException: Duplicate entry 'alonso@gmail.com' for key 'usuarios.email'
in SYSTEMPATH\Database\MySQLi\Connection.php on line 317.
 1 SYSTEMPATH\Database\BaseConnection.php(734): CodeIgniter\Database\MySQLi\Connection->execute('INSERT INTO `usuarios` (`nombre`, `telefono`, `email`, `contraseña`) VALUES (\'Alonso\', \'123456789\', \'alonso@gmail.com\', \'$2y$10$dfiglJaNuBReBQNY3vS7M.dizPiCxbuw8gCUV7twsJNB8i03J.1CO\')')
 2 SYSTEMPATH\Database\BaseConnection.php(648): CodeIgniter\Database\BaseConnection->simpleQuery('INSERT INTO `usuarios` (`nombre`, `telefono`, `email`, `contraseña`) VALUES (\'Alonso\', \'123456789\', \'alonso@gmail.com\', \'$2y$10$dfiglJaNuBReBQNY3vS7M.dizPiCxbuw8gCUV7twsJNB8i03J.1CO\')')
 3 SYSTEMPATH\Database\BaseBuilder.php(2340): CodeIgniter\Database\BaseConnection->query('INSERT INTO `usuarios` (`nombre`, `telefono`, `email`, `contraseña`) VALUES (:nombre:, :telefono:, :email:, :contraseña:)', [...], false)
 4 SYSTEMPATH\Model.php(394): CodeIgniter\Database\BaseBuilder->insert()
 5 SYSTEMPATH\BaseModel.php(839): CodeIgniter\Model->doInsert([...])
 6 SYSTEMPATH\Model.php(800): CodeIgniter\BaseModel->insert([...], true)
 7 APPPATH\Controllers\SignUpController.php(25): CodeIgniter\Model->insert([...])
 8 SYSTEMPATH\CodeIgniter.php(933): App\Controllers\SignUpController->store()
 9 SYSTEMPATH\CodeIgniter.php(509): CodeIgniter\CodeIgniter->runController(Object(App\Controllers\SignUpController))
10 SYSTEMPATH\CodeIgniter.php(355): CodeIgniter\CodeIgniter->handleRequest(null, Object(Config\Cache), false)
11 SYSTEMPATH\Boot.php(334): CodeIgniter\CodeIgniter->run()
12 SYSTEMPATH\Boot.php(67): CodeIgniter\Boot::runCodeIgniter(Object(CodeIgniter\CodeIgniter))
13 FCPATH\index.php(56): CodeIgniter\Boot::bootWeb(Object(Config\Paths))
CRITICAL - 2025-02-16 22:04:00 --> [Caused by] mysqli_sql_exception: Duplicate entry 'alonso@gmail.com' for key 'usuarios.email'
in SYSTEMPATH\Database\MySQLi\Connection.php on line 312.
 1 SYSTEMPATH\Database\MySQLi\Connection.php(312): mysqli->query('INSERT INTO `usuarios` (`nombre`, `telefono`, `email`, `contraseña`) VALUES (\'Alonso\', \'123456789\', \'alonso@gmail.com\', \'$2y$10$dfiglJaNuBReBQNY3vS7M.dizPiCxbuw8gCUV7twsJNB8i03J.1CO\')', 0)
 2 SYSTEMPATH\Database\BaseConnection.php(734): CodeIgniter\Database\MySQLi\Connection->execute('INSERT INTO `usuarios` (`nombre`, `telefono`, `email`, `contraseña`) VALUES (\'Alonso\', \'123456789\', \'alonso@gmail.com\', \'$2y$10$dfiglJaNuBReBQNY3vS7M.dizPiCxbuw8gCUV7twsJNB8i03J.1CO\')')
 3 SYSTEMPATH\Database\BaseConnection.php(648): CodeIgniter\Database\BaseConnection->simpleQuery('INSERT INTO `usuarios` (`nombre`, `telefono`, `email`, `contraseña`) VALUES (\'Alonso\', \'123456789\', \'alonso@gmail.com\', \'$2y$10$dfiglJaNuBReBQNY3vS7M.dizPiCxbuw8gCUV7twsJNB8i03J.1CO\')')
 4 SYSTEMPATH\Database\BaseBuilder.php(2340): CodeIgniter\Database\BaseConnection->query('INSERT INTO `usuarios` (`nombre`, `telefono`, `email`, `contraseña`) VALUES (:nombre:, :telefono:, :email:, :contraseña:)', [...], false)
 5 SYSTEMPATH\Model.php(394): CodeIgniter\Database\BaseBuilder->insert()
 6 SYSTEMPATH\BaseModel.php(839): CodeIgniter\Model->doInsert([...])
 7 SYSTEMPATH\Model.php(800): CodeIgniter\BaseModel->insert([...], true)
 8 APPPATH\Controllers\SignUpController.php(25): CodeIgniter\Model->insert([...])
 9 SYSTEMPATH\CodeIgniter.php(933): App\Controllers\SignUpController->store()
10 SYSTEMPATH\CodeIgniter.php(509): CodeIgniter\CodeIgniter->runController(Object(App\Controllers\SignUpController))
11 SYSTEMPATH\CodeIgniter.php(355): CodeIgniter\CodeIgniter->handleRequest(null, Object(Config\Cache), false)
12 SYSTEMPATH\Boot.php(334): CodeIgniter\CodeIgniter->run()
13 SYSTEMPATH\Boot.php(67): CodeIgniter\Boot::runCodeIgniter(Object(CodeIgniter\CodeIgniter))
14 FCPATH\index.php(56): CodeIgniter\Boot::bootWeb(Object(Config\Paths))
ERROR - 2025-02-16 22:04:34 --> mysqli_sql_exception: Duplicate entry 'alonso@gmail.com' for key 'usuarios.email' in C:\wamp64\www\padel_elite\system\Database\MySQLi\Connection.php:312
Stack trace:
#0 C:\wamp64\www\padel_elite\system\Database\MySQLi\Connection.php(312): mysqli->query('INSERT INTO `us...', 0)
#1 C:\wamp64\www\padel_elite\system\Database\BaseConnection.php(734): CodeIgniter\Database\MySQLi\Connection->execute('INSERT INTO `us...')
#2 C:\wamp64\www\padel_elite\system\Database\BaseConnection.php(648): CodeIgniter\Database\BaseConnection->simpleQuery('INSERT INTO `us...')
#3 C:\wamp64\www\padel_elite\system\Database\BaseBuilder.php(2340): CodeIgniter\Database\BaseConnection->query('INSERT INTO `us...', Array, false)
#4 C:\wamp64\www\padel_elite\system\Model.php(394): CodeIgniter\Database\BaseBuilder->insert()
#5 C:\wamp64\www\padel_elite\system\BaseModel.php(839): CodeIgniter\Model->doInsert(Array)
#6 C:\wamp64\www\padel_elite\system\Model.php(800): CodeIgniter\BaseModel->insert(Array, true)
#7 C:\wamp64\www\padel_elite\app\Controllers\SignUpController.php(25): CodeIgniter\Model->insert(Array)
#8 C:\wamp64\www\padel_elite\system\CodeIgniter.php(933): App\Controllers\SignUpController->store()
#9 C:\wamp64\www\padel_elite\system\CodeIgniter.php(509): CodeIgniter\CodeIgniter->runController(Object(App\Controllers\SignUpController))
#10 C:\wamp64\www\padel_elite\system\CodeIgniter.php(355): CodeIgniter\CodeIgniter->handleRequest(NULL, Object(Config\Cache), false)
#11 C:\wamp64\www\padel_elite\system\Boot.php(334): CodeIgniter\CodeIgniter->run()
#12 C:\wamp64\www\padel_elite\system\Boot.php(67): CodeIgniter\Boot::runCodeIgniter(Object(CodeIgniter\CodeIgniter))
#13 C:\wamp64\www\padel_elite\public\index.php(56): CodeIgniter\Boot::bootWeb(Object(Config\Paths))
#14 {main}
CRITICAL - 2025-02-16 22:04:34 --> CodeIgniter\Database\Exceptions\DatabaseException: Duplicate entry 'alonso@gmail.com' for key 'usuarios.email'
[Method: POST, Route: signUp/store]
in SYSTEMPATH\Database\BaseConnection.php on line 688.
 1 SYSTEMPATH\Database\BaseBuilder.php(2340): CodeIgniter\Database\BaseConnection->query('INSERT INTO `usuarios` (`nombre`, `telefono`, `email`, `contraseña`) VALUES (:nombre:, :telefono:, :email:, :contraseña:)', [...], false)
 2 SYSTEMPATH\Model.php(394): CodeIgniter\Database\BaseBuilder->insert()
 3 SYSTEMPATH\BaseModel.php(839): CodeIgniter\Model->doInsert([...])
 4 SYSTEMPATH\Model.php(800): CodeIgniter\BaseModel->insert([...], true)
 5 APPPATH\Controllers\SignUpController.php(25): CodeIgniter\Model->insert([...])
 6 SYSTEMPATH\CodeIgniter.php(933): App\Controllers\SignUpController->store()
 7 SYSTEMPATH\CodeIgniter.php(509): CodeIgniter\CodeIgniter->runController(Object(App\Controllers\SignUpController))
 8 SYSTEMPATH\CodeIgniter.php(355): CodeIgniter\CodeIgniter->handleRequest(null, Object(Config\Cache), false)
 9 SYSTEMPATH\Boot.php(334): CodeIgniter\CodeIgniter->run()
10 SYSTEMPATH\Boot.php(67): CodeIgniter\Boot::runCodeIgniter(Object(CodeIgniter\CodeIgniter))
11 FCPATH\index.php(56): CodeIgniter\Boot::bootWeb(Object(Config\Paths))
CRITICAL - 2025-02-16 22:04:34 --> [Caused by] CodeIgniter\Database\Exceptions\DatabaseException: Duplicate entry 'alonso@gmail.com' for key 'usuarios.email'
in SYSTEMPATH\Database\MySQLi\Connection.php on line 317.
 1 SYSTEMPATH\Database\BaseConnection.php(734): CodeIgniter\Database\MySQLi\Connection->execute('INSERT INTO `usuarios` (`nombre`, `telefono`, `email`, `contraseña`) VALUES (\'Alonso\', \'123456789\', \'alonso@gmail.com\', \'$2y$10$t0dE2JgKy2Gq3fXqfeYe6enl6cHp8MQZXIbg4qo8Zw.bqo8X3d3VC\')')
 2 SYSTEMPATH\Database\BaseConnection.php(648): CodeIgniter\Database\BaseConnection->simpleQuery('INSERT INTO `usuarios` (`nombre`, `telefono`, `email`, `contraseña`) VALUES (\'Alonso\', \'123456789\', \'alonso@gmail.com\', \'$2y$10$t0dE2JgKy2Gq3fXqfeYe6enl6cHp8MQZXIbg4qo8Zw.bqo8X3d3VC\')')
 3 SYSTEMPATH\Database\BaseBuilder.php(2340): CodeIgniter\Database\BaseConnection->query('INSERT INTO `usuarios` (`nombre`, `telefono`, `email`, `contraseña`) VALUES (:nombre:, :telefono:, :email:, :contraseña:)', [...], false)
 4 SYSTEMPATH\Model.php(394): CodeIgniter\Database\BaseBuilder->insert()
 5 SYSTEMPATH\BaseModel.php(839): CodeIgniter\Model->doInsert([...])
 6 SYSTEMPATH\Model.php(800): CodeIgniter\BaseModel->insert([...], true)
 7 APPPATH\Controllers\SignUpController.php(25): CodeIgniter\Model->insert([...])
 8 SYSTEMPATH\CodeIgniter.php(933): App\Controllers\SignUpController->store()
 9 SYSTEMPATH\CodeIgniter.php(509): CodeIgniter\CodeIgniter->runController(Object(App\Controllers\SignUpController))
10 SYSTEMPATH\CodeIgniter.php(355): CodeIgniter\CodeIgniter->handleRequest(null, Object(Config\Cache), false)
11 SYSTEMPATH\Boot.php(334): CodeIgniter\CodeIgniter->run()
12 SYSTEMPATH\Boot.php(67): CodeIgniter\Boot::runCodeIgniter(Object(CodeIgniter\CodeIgniter))
13 FCPATH\index.php(56): CodeIgniter\Boot::bootWeb(Object(Config\Paths))
CRITICAL - 2025-02-16 22:04:34 --> [Caused by] mysqli_sql_exception: Duplicate entry 'alonso@gmail.com' for key 'usuarios.email'
in SYSTEMPATH\Database\MySQLi\Connection.php on line 312.
 1 SYSTEMPATH\Database\MySQLi\Connection.php(312): mysqli->query('INSERT INTO `usuarios` (`nombre`, `telefono`, `email`, `contraseña`) VALUES (\'Alonso\', \'123456789\', \'alonso@gmail.com\', \'$2y$10$t0dE2JgKy2Gq3fXqfeYe6enl6cHp8MQZXIbg4qo8Zw.bqo8X3d3VC\')', 0)
 2 SYSTEMPATH\Database\BaseConnection.php(734): CodeIgniter\Database\MySQLi\Connection->execute('INSERT INTO `usuarios` (`nombre`, `telefono`, `email`, `contraseña`) VALUES (\'Alonso\', \'123456789\', \'alonso@gmail.com\', \'$2y$10$t0dE2JgKy2Gq3fXqfeYe6enl6cHp8MQZXIbg4qo8Zw.bqo8X3d3VC\')')
 3 SYSTEMPATH\Database\BaseConnection.php(648): CodeIgniter\Database\BaseConnection->simpleQuery('INSERT INTO `usuarios` (`nombre`, `telefono`, `email`, `contraseña`) VALUES (\'Alonso\', \'123456789\', \'alonso@gmail.com\', \'$2y$10$t0dE2JgKy2Gq3fXqfeYe6enl6cHp8MQZXIbg4qo8Zw.bqo8X3d3VC\')')
 4 SYSTEMPATH\Database\BaseBuilder.php(2340): CodeIgniter\Database\BaseConnection->query('INSERT INTO `usuarios` (`nombre`, `telefono`, `email`, `contraseña`) VALUES (:nombre:, :telefono:, :email:, :contraseña:)', [...], false)
 5 SYSTEMPATH\Model.php(394): CodeIgniter\Database\BaseBuilder->insert()
 6 SYSTEMPATH\BaseModel.php(839): CodeIgniter\Model->doInsert([...])
 7 SYSTEMPATH\Model.php(800): CodeIgniter\BaseModel->insert([...], true)
 8 APPPATH\Controllers\SignUpController.php(25): CodeIgniter\Model->insert([...])
 9 SYSTEMPATH\CodeIgniter.php(933): App\Controllers\SignUpController->store()
10 SYSTEMPATH\CodeIgniter.php(509): CodeIgniter\CodeIgniter->runController(Object(App\Controllers\SignUpController))
11 SYSTEMPATH\CodeIgniter.php(355): CodeIgniter\CodeIgniter->handleRequest(null, Object(Config\Cache), false)
12 SYSTEMPATH\Boot.php(334): CodeIgniter\CodeIgniter->run()
13 SYSTEMPATH\Boot.php(67): CodeIgniter\Boot::runCodeIgniter(Object(CodeIgniter\CodeIgniter))
14 FCPATH\index.php(56): CodeIgniter\Boot::bootWeb(Object(Config\Paths))
ERROR - 2025-02-16 22:05:36 --> mysqli_sql_exception: Duplicate entry 'alonso@gmail.com' for key 'usuarios.email' in C:\wamp64\www\padel_elite\system\Database\MySQLi\Connection.php:312
Stack trace:
#0 C:\wamp64\www\padel_elite\system\Database\MySQLi\Connection.php(312): mysqli->query('INSERT INTO `us...', 0)
#1 C:\wamp64\www\padel_elite\system\Database\BaseConnection.php(734): CodeIgniter\Database\MySQLi\Connection->execute('INSERT INTO `us...')
#2 C:\wamp64\www\padel_elite\system\Database\BaseConnection.php(648): CodeIgniter\Database\BaseConnection->simpleQuery('INSERT INTO `us...')
#3 C:\wamp64\www\padel_elite\system\Database\BaseBuilder.php(2340): CodeIgniter\Database\BaseConnection->query('INSERT INTO `us...', Array, false)
#4 C:\wamp64\www\padel_elite\system\Model.php(394): CodeIgniter\Database\BaseBuilder->insert()
#5 C:\wamp64\www\padel_elite\system\BaseModel.php(839): CodeIgniter\Model->doInsert(Array)
#6 C:\wamp64\www\padel_elite\system\Model.php(800): CodeIgniter\BaseModel->insert(Array, true)
#7 C:\wamp64\www\padel_elite\app\Controllers\SignUpController.php(25): CodeIgniter\Model->insert(Array)
#8 C:\wamp64\www\padel_elite\system\CodeIgniter.php(933): App\Controllers\SignUpController->store()
#9 C:\wamp64\www\padel_elite\system\CodeIgniter.php(509): CodeIgniter\CodeIgniter->runController(Object(App\Controllers\SignUpController))
#10 C:\wamp64\www\padel_elite\system\CodeIgniter.php(355): CodeIgniter\CodeIgniter->handleRequest(NULL, Object(Config\Cache), false)
#11 C:\wamp64\www\padel_elite\system\Boot.php(334): CodeIgniter\CodeIgniter->run()
#12 C:\wamp64\www\padel_elite\system\Boot.php(67): CodeIgniter\Boot::runCodeIgniter(Object(CodeIgniter\CodeIgniter))
#13 C:\wamp64\www\padel_elite\public\index.php(56): CodeIgniter\Boot::bootWeb(Object(Config\Paths))
#14 {main}
CRITICAL - 2025-02-16 22:05:36 --> CodeIgniter\Database\Exceptions\DatabaseException: Duplicate entry 'alonso@gmail.com' for key 'usuarios.email'
[Method: POST, Route: signUp/store]
in SYSTEMPATH\Database\BaseConnection.php on line 688.
 1 SYSTEMPATH\Database\BaseBuilder.php(2340): CodeIgniter\Database\BaseConnection->query('INSERT INTO `usuarios` (`nombre`, `telefono`, `email`, `contraseña`) VALUES (:nombre:, :telefono:, :email:, :contraseña:)', [...], false)
 2 SYSTEMPATH\Model.php(394): CodeIgniter\Database\BaseBuilder->insert()
 3 SYSTEMPATH\BaseModel.php(839): CodeIgniter\Model->doInsert([...])
 4 SYSTEMPATH\Model.php(800): CodeIgniter\BaseModel->insert([...], true)
 5 APPPATH\Controllers\SignUpController.php(25): CodeIgniter\Model->insert([...])
 6 SYSTEMPATH\CodeIgniter.php(933): App\Controllers\SignUpController->store()
 7 SYSTEMPATH\CodeIgniter.php(509): CodeIgniter\CodeIgniter->runController(Object(App\Controllers\SignUpController))
 8 SYSTEMPATH\CodeIgniter.php(355): CodeIgniter\CodeIgniter->handleRequest(null, Object(Config\Cache), false)
 9 SYSTEMPATH\Boot.php(334): CodeIgniter\CodeIgniter->run()
10 SYSTEMPATH\Boot.php(67): CodeIgniter\Boot::runCodeIgniter(Object(CodeIgniter\CodeIgniter))
11 FCPATH\index.php(56): CodeIgniter\Boot::bootWeb(Object(Config\Paths))
CRITICAL - 2025-02-16 22:05:36 --> [Caused by] CodeIgniter\Database\Exceptions\DatabaseException: Duplicate entry 'alonso@gmail.com' for key 'usuarios.email'
in SYSTEMPATH\Database\MySQLi\Connection.php on line 317.
 1 SYSTEMPATH\Database\BaseConnection.php(734): CodeIgniter\Database\MySQLi\Connection->execute('INSERT INTO `usuarios` (`nombre`, `telefono`, `email`, `contraseña`) VALUES (\'Alonso\', \'12456789\', \'alonso@gmail.com\', \'$2y$10$WyGgFKZo2/FQHIiK0AbCtOMVkSZPJ/G7IeoAQc7iSls1pOSIHKJtS\')')
 2 SYSTEMPATH\Database\BaseConnection.php(648): CodeIgniter\Database\BaseConnection->simpleQuery('INSERT INTO `usuarios` (`nombre`, `telefono`, `email`, `contraseña`) VALUES (\'Alonso\', \'12456789\', \'alonso@gmail.com\', \'$2y$10$WyGgFKZo2/FQHIiK0AbCtOMVkSZPJ/G7IeoAQc7iSls1pOSIHKJtS\')')
 3 SYSTEMPATH\Database\BaseBuilder.php(2340): CodeIgniter\Database\BaseConnection->query('INSERT INTO `usuarios` (`nombre`, `telefono`, `email`, `contraseña`) VALUES (:nombre:, :telefono:, :email:, :contraseña:)', [...], false)
 4 SYSTEMPATH\Model.php(394): CodeIgniter\Database\BaseBuilder->insert()
 5 SYSTEMPATH\BaseModel.php(839): CodeIgniter\Model->doInsert([...])
 6 SYSTEMPATH\Model.php(800): CodeIgniter\BaseModel->insert([...], true)
 7 APPPATH\Controllers\SignUpController.php(25): CodeIgniter\Model->insert([...])
 8 SYSTEMPATH\CodeIgniter.php(933): App\Controllers\SignUpController->store()
 9 SYSTEMPATH\CodeIgniter.php(509): CodeIgniter\CodeIgniter->runController(Object(App\Controllers\SignUpController))
10 SYSTEMPATH\CodeIgniter.php(355): CodeIgniter\CodeIgniter->handleRequest(null, Object(Config\Cache), false)
11 SYSTEMPATH\Boot.php(334): CodeIgniter\CodeIgniter->run()
12 SYSTEMPATH\Boot.php(67): CodeIgniter\Boot::runCodeIgniter(Object(CodeIgniter\CodeIgniter))
13 FCPATH\index.php(56): CodeIgniter\Boot::bootWeb(Object(Config\Paths))
CRITICAL - 2025-02-16 22:05:36 --> [Caused by] mysqli_sql_exception: Duplicate entry 'alonso@gmail.com' for key 'usuarios.email'
in SYSTEMPATH\Database\MySQLi\Connection.php on line 312.
 1 SYSTEMPATH\Database\MySQLi\Connection.php(312): mysqli->query('INSERT INTO `usuarios` (`nombre`, `telefono`, `email`, `contraseña`) VALUES (\'Alonso\', \'12456789\', \'alonso@gmail.com\', \'$2y$10$WyGgFKZo2/FQHIiK0AbCtOMVkSZPJ/G7IeoAQc7iSls1pOSIHKJtS\')', 0)
 2 SYSTEMPATH\Database\BaseConnection.php(734): CodeIgniter\Database\MySQLi\Connection->execute('INSERT INTO `usuarios` (`nombre`, `telefono`, `email`, `contraseña`) VALUES (\'Alonso\', \'12456789\', \'alonso@gmail.com\', \'$2y$10$WyGgFKZo2/FQHIiK0AbCtOMVkSZPJ/G7IeoAQc7iSls1pOSIHKJtS\')')
 3 SYSTEMPATH\Database\BaseConnection.php(648): CodeIgniter\Database\BaseConnection->simpleQuery('INSERT INTO `usuarios` (`nombre`, `telefono`, `email`, `contraseña`) VALUES (\'Alonso\', \'12456789\', \'alonso@gmail.com\', \'$2y$10$WyGgFKZo2/FQHIiK0AbCtOMVkSZPJ/G7IeoAQc7iSls1pOSIHKJtS\')')
 4 SYSTEMPATH\Database\BaseBuilder.php(2340): CodeIgniter\Database\BaseConnection->query('INSERT INTO `usuarios` (`nombre`, `telefono`, `email`, `contraseña`) VALUES (:nombre:, :telefono:, :email:, :contraseña:)', [...], false)
 5 SYSTEMPATH\Model.php(394): CodeIgniter\Database\BaseBuilder->insert()
 6 SYSTEMPATH\BaseModel.php(839): CodeIgniter\Model->doInsert([...])
 7 SYSTEMPATH\Model.php(800): CodeIgniter\BaseModel->insert([...], true)
 8 APPPATH\Controllers\SignUpController.php(25): CodeIgniter\Model->insert([...])
 9 SYSTEMPATH\CodeIgniter.php(933): App\Controllers\SignUpController->store()
10 SYSTEMPATH\CodeIgniter.php(509): CodeIgniter\CodeIgniter->runController(Object(App\Controllers\SignUpController))
11 SYSTEMPATH\CodeIgniter.php(355): CodeIgniter\CodeIgniter->handleRequest(null, Object(Config\Cache), false)
12 SYSTEMPATH\Boot.php(334): CodeIgniter\CodeIgniter->run()
13 SYSTEMPATH\Boot.php(67): CodeIgniter\Boot::runCodeIgniter(Object(CodeIgniter\CodeIgniter))
14 FCPATH\index.php(56): CodeIgniter\Boot::bootWeb(Object(Config\Paths))
ERROR - 2025-02-16 22:05:52 --> mysqli_sql_exception: Duplicate entry 'alonso@gmail.com' for key 'usuarios.email' in C:\wamp64\www\padel_elite\system\Database\MySQLi\Connection.php:312
Stack trace:
#0 C:\wamp64\www\padel_elite\system\Database\MySQLi\Connection.php(312): mysqli->query('INSERT INTO `us...', 0)
#1 C:\wamp64\www\padel_elite\system\Database\BaseConnection.php(734): CodeIgniter\Database\MySQLi\Connection->execute('INSERT INTO `us...')
#2 C:\wamp64\www\padel_elite\system\Database\BaseConnection.php(648): CodeIgniter\Database\BaseConnection->simpleQuery('INSERT INTO `us...')
#3 C:\wamp64\www\padel_elite\system\Database\BaseBuilder.php(2340): CodeIgniter\Database\BaseConnection->query('INSERT INTO `us...', Array, false)
#4 C:\wamp64\www\padel_elite\system\Model.php(394): CodeIgniter\Database\BaseBuilder->insert()
#5 C:\wamp64\www\padel_elite\system\BaseModel.php(839): CodeIgniter\Model->doInsert(Array)
#6 C:\wamp64\www\padel_elite\system\Model.php(800): CodeIgniter\BaseModel->insert(Array, true)
#7 C:\wamp64\www\padel_elite\app\Controllers\SignUpController.php(25): CodeIgniter\Model->insert(Array)
#8 C:\wamp64\www\padel_elite\system\CodeIgniter.php(933): App\Controllers\SignUpController->store()
#9 C:\wamp64\www\padel_elite\system\CodeIgniter.php(509): CodeIgniter\CodeIgniter->runController(Object(App\Controllers\SignUpController))
#10 C:\wamp64\www\padel_elite\system\CodeIgniter.php(355): CodeIgniter\CodeIgniter->handleRequest(NULL, Object(Config\Cache), false)
#11 C:\wamp64\www\padel_elite\system\Boot.php(334): CodeIgniter\CodeIgniter->run()
#12 C:\wamp64\www\padel_elite\system\Boot.php(67): CodeIgniter\Boot::runCodeIgniter(Object(CodeIgniter\CodeIgniter))
#13 C:\wamp64\www\padel_elite\public\index.php(56): CodeIgniter\Boot::bootWeb(Object(Config\Paths))
#14 {main}
CRITICAL - 2025-02-16 22:05:52 --> CodeIgniter\Database\Exceptions\DatabaseException: Duplicate entry 'alonso@gmail.com' for key 'usuarios.email'
[Method: POST, Route: signUp/store]
in SYSTEMPATH\Database\BaseConnection.php on line 688.
 1 SYSTEMPATH\Database\BaseBuilder.php(2340): CodeIgniter\Database\BaseConnection->query('INSERT INTO `usuarios` (`nombre`, `telefono`, `email`, `contraseña`) VALUES (:nombre:, :telefono:, :email:, :contraseña:)', [...], false)
 2 SYSTEMPATH\Model.php(394): CodeIgniter\Database\BaseBuilder->insert()
 3 SYSTEMPATH\BaseModel.php(839): CodeIgniter\Model->doInsert([...])
 4 SYSTEMPATH\Model.php(800): CodeIgniter\BaseModel->insert([...], true)
 5 APPPATH\Controllers\SignUpController.php(25): CodeIgniter\Model->insert([...])
 6 SYSTEMPATH\CodeIgniter.php(933): App\Controllers\SignUpController->store()
 7 SYSTEMPATH\CodeIgniter.php(509): CodeIgniter\CodeIgniter->runController(Object(App\Controllers\SignUpController))
 8 SYSTEMPATH\CodeIgniter.php(355): CodeIgniter\CodeIgniter->handleRequest(null, Object(Config\Cache), false)
 9 SYSTEMPATH\Boot.php(334): CodeIgniter\CodeIgniter->run()
10 SYSTEMPATH\Boot.php(67): CodeIgniter\Boot::runCodeIgniter(Object(CodeIgniter\CodeIgniter))
11 FCPATH\index.php(56): CodeIgniter\Boot::bootWeb(Object(Config\Paths))
CRITICAL - 2025-02-16 22:05:52 --> [Caused by] CodeIgniter\Database\Exceptions\DatabaseException: Duplicate entry 'alonso@gmail.com' for key 'usuarios.email'
in SYSTEMPATH\Database\MySQLi\Connection.php on line 317.
 1 SYSTEMPATH\Database\BaseConnection.php(734): CodeIgniter\Database\MySQLi\Connection->execute('INSERT INTO `usuarios` (`nombre`, `telefono`, `email`, `contraseña`) VALUES (\'Alonso\', \'123456789\', \'alonso@gmail.com\', \'$2y$10$dn8/d8bZR1YOgVGIX2pL4uQ9O8jKDnZt.UnKidEGdOF7C7hx2qaq6\')')
 2 SYSTEMPATH\Database\BaseConnection.php(648): CodeIgniter\Database\BaseConnection->simpleQuery('INSERT INTO `usuarios` (`nombre`, `telefono`, `email`, `contraseña`) VALUES (\'Alonso\', \'123456789\', \'alonso@gmail.com\', \'$2y$10$dn8/d8bZR1YOgVGIX2pL4uQ9O8jKDnZt.UnKidEGdOF7C7hx2qaq6\')')
 3 SYSTEMPATH\Database\BaseBuilder.php(2340): CodeIgniter\Database\BaseConnection->query('INSERT INTO `usuarios` (`nombre`, `telefono`, `email`, `contraseña`) VALUES (:nombre:, :telefono:, :email:, :contraseña:)', [...], false)
 4 SYSTEMPATH\Model.php(394): CodeIgniter\Database\BaseBuilder->insert()
 5 SYSTEMPATH\BaseModel.php(839): CodeIgniter\Model->doInsert([...])
 6 SYSTEMPATH\Model.php(800): CodeIgniter\BaseModel->insert([...], true)
 7 APPPATH\Controllers\SignUpController.php(25): CodeIgniter\Model->insert([...])
 8 SYSTEMPATH\CodeIgniter.php(933): App\Controllers\SignUpController->store()
 9 SYSTEMPATH\CodeIgniter.php(509): CodeIgniter\CodeIgniter->runController(Object(App\Controllers\SignUpController))
10 SYSTEMPATH\CodeIgniter.php(355): CodeIgniter\CodeIgniter->handleRequest(null, Object(Config\Cache), false)
11 SYSTEMPATH\Boot.php(334): CodeIgniter\CodeIgniter->run()
12 SYSTEMPATH\Boot.php(67): CodeIgniter\Boot::runCodeIgniter(Object(CodeIgniter\CodeIgniter))
13 FCPATH\index.php(56): CodeIgniter\Boot::bootWeb(Object(Config\Paths))
CRITICAL - 2025-02-16 22:05:52 --> [Caused by] mysqli_sql_exception: Duplicate entry 'alonso@gmail.com' for key 'usuarios.email'
in SYSTEMPATH\Database\MySQLi\Connection.php on line 312.
 1 SYSTEMPATH\Database\MySQLi\Connection.php(312): mysqli->query('INSERT INTO `usuarios` (`nombre`, `telefono`, `email`, `contraseña`) VALUES (\'Alonso\', \'123456789\', \'alonso@gmail.com\', \'$2y$10$dn8/d8bZR1YOgVGIX2pL4uQ9O8jKDnZt.UnKidEGdOF7C7hx2qaq6\')', 0)
 2 SYSTEMPATH\Database\BaseConnection.php(734): CodeIgniter\Database\MySQLi\Connection->execute('INSERT INTO `usuarios` (`nombre`, `telefono`, `email`, `contraseña`) VALUES (\'Alonso\', \'123456789\', \'alonso@gmail.com\', \'$2y$10$dn8/d8bZR1YOgVGIX2pL4uQ9O8jKDnZt.UnKidEGdOF7C7hx2qaq6\')')
 3 SYSTEMPATH\Database\BaseConnection.php(648): CodeIgniter\Database\BaseConnection->simpleQuery('INSERT INTO `usuarios` (`nombre`, `telefono`, `email`, `contraseña`) VALUES (\'Alonso\', \'123456789\', \'alonso@gmail.com\', \'$2y$10$dn8/d8bZR1YOgVGIX2pL4uQ9O8jKDnZt.UnKidEGdOF7C7hx2qaq6\')')
 4 SYSTEMPATH\Database\BaseBuilder.php(2340): CodeIgniter\Database\BaseConnection->query('INSERT INTO `usuarios` (`nombre`, `telefono`, `email`, `contraseña`) VALUES (:nombre:, :telefono:, :email:, :contraseña:)', [...], false)
 5 SYSTEMPATH\Model.php(394): CodeIgniter\Database\BaseBuilder->insert()
 6 SYSTEMPATH\BaseModel.php(839): CodeIgniter\Model->doInsert([...])
 7 SYSTEMPATH\Model.php(800): CodeIgniter\BaseModel->insert([...], true)
 8 APPPATH\Controllers\SignUpController.php(25): CodeIgniter\Model->insert([...])
 9 SYSTEMPATH\CodeIgniter.php(933): App\Controllers\SignUpController->store()
10 SYSTEMPATH\CodeIgniter.php(509): CodeIgniter\CodeIgniter->runController(Object(App\Controllers\SignUpController))
11 SYSTEMPATH\CodeIgniter.php(355): CodeIgniter\CodeIgniter->handleRequest(null, Object(Config\Cache), false)
12 SYSTEMPATH\Boot.php(334): CodeIgniter\CodeIgniter->run()
13 SYSTEMPATH\Boot.php(67): CodeIgniter\Boot::runCodeIgniter(Object(CodeIgniter\CodeIgniter))
14 FCPATH\index.php(56): CodeIgniter\Boot::bootWeb(Object(Config\Paths))
ERROR - 2025-02-16 22:06:09 --> mysqli_sql_exception: Duplicate entry 'alonso@gmail.com' for key 'usuarios.email' in C:\wamp64\www\padel_elite\system\Database\MySQLi\Connection.php:312
Stack trace:
#0 C:\wamp64\www\padel_elite\system\Database\MySQLi\Connection.php(312): mysqli->query('INSERT INTO `us...', 0)
#1 C:\wamp64\www\padel_elite\system\Database\BaseConnection.php(734): CodeIgniter\Database\MySQLi\Connection->execute('INSERT INTO `us...')
#2 C:\wamp64\www\padel_elite\system\Database\BaseConnection.php(648): CodeIgniter\Database\BaseConnection->simpleQuery('INSERT INTO `us...')
#3 C:\wamp64\www\padel_elite\system\Database\BaseBuilder.php(2340): CodeIgniter\Database\BaseConnection->query('INSERT INTO `us...', Array, false)
#4 C:\wamp64\www\padel_elite\system\Model.php(394): CodeIgniter\Database\BaseBuilder->insert()
#5 C:\wamp64\www\padel_elite\system\BaseModel.php(839): CodeIgniter\Model->doInsert(Array)
#6 C:\wamp64\www\padel_elite\system\Model.php(800): CodeIgniter\BaseModel->insert(Array, true)
#7 C:\wamp64\www\padel_elite\app\Controllers\SignUpController.php(25): CodeIgniter\Model->insert(Array)
#8 C:\wamp64\www\padel_elite\system\CodeIgniter.php(933): App\Controllers\SignUpController->store()
#9 C:\wamp64\www\padel_elite\system\CodeIgniter.php(509): CodeIgniter\CodeIgniter->runController(Object(App\Controllers\SignUpController))
#10 C:\wamp64\www\padel_elite\system\CodeIgniter.php(355): CodeIgniter\CodeIgniter->handleRequest(NULL, Object(Config\Cache), false)
#11 C:\wamp64\www\padel_elite\system\Boot.php(334): CodeIgniter\CodeIgniter->run()
#12 C:\wamp64\www\padel_elite\system\Boot.php(67): CodeIgniter\Boot::runCodeIgniter(Object(CodeIgniter\CodeIgniter))
#13 C:\wamp64\www\padel_elite\public\index.php(56): CodeIgniter\Boot::bootWeb(Object(Config\Paths))
#14 {main}
CRITICAL - 2025-02-16 22:06:09 --> CodeIgniter\Database\Exceptions\DatabaseException: Duplicate entry 'alonso@gmail.com' for key 'usuarios.email'
[Method: POST, Route: signUp/store]
in SYSTEMPATH\Database\BaseConnection.php on line 688.
 1 SYSTEMPATH\Database\BaseBuilder.php(2340): CodeIgniter\Database\BaseConnection->query('INSERT INTO `usuarios` (`nombre`, `telefono`, `email`, `contraseña`) VALUES (:nombre:, :telefono:, :email:, :contraseña:)', [...], false)
 2 SYSTEMPATH\Model.php(394): CodeIgniter\Database\BaseBuilder->insert()
 3 SYSTEMPATH\BaseModel.php(839): CodeIgniter\Model->doInsert([...])
 4 SYSTEMPATH\Model.php(800): CodeIgniter\BaseModel->insert([...], true)
 5 APPPATH\Controllers\SignUpController.php(25): CodeIgniter\Model->insert([...])
 6 SYSTEMPATH\CodeIgniter.php(933): App\Controllers\SignUpController->store()
 7 SYSTEMPATH\CodeIgniter.php(509): CodeIgniter\CodeIgniter->runController(Object(App\Controllers\SignUpController))
 8 SYSTEMPATH\CodeIgniter.php(355): CodeIgniter\CodeIgniter->handleRequest(null, Object(Config\Cache), false)
 9 SYSTEMPATH\Boot.php(334): CodeIgniter\CodeIgniter->run()
10 SYSTEMPATH\Boot.php(67): CodeIgniter\Boot::runCodeIgniter(Object(CodeIgniter\CodeIgniter))
11 FCPATH\index.php(56): CodeIgniter\Boot::bootWeb(Object(Config\Paths))
CRITICAL - 2025-02-16 22:06:09 --> [Caused by] CodeIgniter\Database\Exceptions\DatabaseException: Duplicate entry 'alonso@gmail.com' for key 'usuarios.email'
in SYSTEMPATH\Database\MySQLi\Connection.php on line 317.
 1 SYSTEMPATH\Database\BaseConnection.php(734): CodeIgniter\Database\MySQLi\Connection->execute('INSERT INTO `usuarios` (`nombre`, `telefono`, `email`, `contraseña`) VALUES (\'alonso\', \'123456789\', \'alonso@gmail.com\', \'$2y$10$kqkFwejt52K5NKlKfS189./FaZtpquToRvHSE6Hd9PiolohBX6May\')')
 2 SYSTEMPATH\Database\BaseConnection.php(648): CodeIgniter\Database\BaseConnection->simpleQuery('INSERT INTO `usuarios` (`nombre`, `telefono`, `email`, `contraseña`) VALUES (\'alonso\', \'123456789\', \'alonso@gmail.com\', \'$2y$10$kqkFwejt52K5NKlKfS189./FaZtpquToRvHSE6Hd9PiolohBX6May\')')
 3 SYSTEMPATH\Database\BaseBuilder.php(2340): CodeIgniter\Database\BaseConnection->query('INSERT INTO `usuarios` (`nombre`, `telefono`, `email`, `contraseña`) VALUES (:nombre:, :telefono:, :email:, :contraseña:)', [...], false)
 4 SYSTEMPATH\Model.php(394): CodeIgniter\Database\BaseBuilder->insert()
 5 SYSTEMPATH\BaseModel.php(839): CodeIgniter\Model->doInsert([...])
 6 SYSTEMPATH\Model.php(800): CodeIgniter\BaseModel->insert([...], true)
 7 APPPATH\Controllers\SignUpController.php(25): CodeIgniter\Model->insert([...])
 8 SYSTEMPATH\CodeIgniter.php(933): App\Controllers\SignUpController->store()
 9 SYSTEMPATH\CodeIgniter.php(509): CodeIgniter\CodeIgniter->runController(Object(App\Controllers\SignUpController))
10 SYSTEMPATH\CodeIgniter.php(355): CodeIgniter\CodeIgniter->handleRequest(null, Object(Config\Cache), false)
11 SYSTEMPATH\Boot.php(334): CodeIgniter\CodeIgniter->run()
12 SYSTEMPATH\Boot.php(67): CodeIgniter\Boot::runCodeIgniter(Object(CodeIgniter\CodeIgniter))
13 FCPATH\index.php(56): CodeIgniter\Boot::bootWeb(Object(Config\Paths))
CRITICAL - 2025-02-16 22:06:09 --> [Caused by] mysqli_sql_exception: Duplicate entry 'alonso@gmail.com' for key 'usuarios.email'
in SYSTEMPATH\Database\MySQLi\Connection.php on line 312.
 1 SYSTEMPATH\Database\MySQLi\Connection.php(312): mysqli->query('INSERT INTO `usuarios` (`nombre`, `telefono`, `email`, `contraseña`) VALUES (\'alonso\', \'123456789\', \'alonso@gmail.com\', \'$2y$10$kqkFwejt52K5NKlKfS189./FaZtpquToRvHSE6Hd9PiolohBX6May\')', 0)
 2 SYSTEMPATH\Database\BaseConnection.php(734): CodeIgniter\Database\MySQLi\Connection->execute('INSERT INTO `usuarios` (`nombre`, `telefono`, `email`, `contraseña`) VALUES (\'alonso\', \'123456789\', \'alonso@gmail.com\', \'$2y$10$kqkFwejt52K5NKlKfS189./FaZtpquToRvHSE6Hd9PiolohBX6May\')')
 3 SYSTEMPATH\Database\BaseConnection.php(648): CodeIgniter\Database\BaseConnection->simpleQuery('INSERT INTO `usuarios` (`nombre`, `telefono`, `email`, `contraseña`) VALUES (\'alonso\', \'123456789\', \'alonso@gmail.com\', \'$2y$10$kqkFwejt52K5NKlKfS189./FaZtpquToRvHSE6Hd9PiolohBX6May\')')
 4 SYSTEMPATH\Database\BaseBuilder.php(2340): CodeIgniter\Database\BaseConnection->query('INSERT INTO `usuarios` (`nombre`, `telefono`, `email`, `contraseña`) VALUES (:nombre:, :telefono:, :email:, :contraseña:)', [...], false)
 5 SYSTEMPATH\Model.php(394): CodeIgniter\Database\BaseBuilder->insert()
 6 SYSTEMPATH\BaseModel.php(839): CodeIgniter\Model->doInsert([...])
 7 SYSTEMPATH\Model.php(800): CodeIgniter\BaseModel->insert([...], true)
 8 APPPATH\Controllers\SignUpController.php(25): CodeIgniter\Model->insert([...])
 9 SYSTEMPATH\CodeIgniter.php(933): App\Controllers\SignUpController->store()
10 SYSTEMPATH\CodeIgniter.php(509): CodeIgniter\CodeIgniter->runController(Object(App\Controllers\SignUpController))
11 SYSTEMPATH\CodeIgniter.php(355): CodeIgniter\CodeIgniter->handleRequest(null, Object(Config\Cache), false)
12 SYSTEMPATH\Boot.php(334): CodeIgniter\CodeIgniter->run()
13 SYSTEMPATH\Boot.php(67): CodeIgniter\Boot::runCodeIgniter(Object(CodeIgniter\CodeIgniter))
14 FCPATH\index.php(56): CodeIgniter\Boot::bootWeb(Object(Config\Paths))
ERROR - 2025-02-16 22:06:14 --> mysqli_sql_exception: Duplicate entry 'alonso@gmail.com' for key 'usuarios.email' in C:\wamp64\www\padel_elite\system\Database\MySQLi\Connection.php:312
Stack trace:
#0 C:\wamp64\www\padel_elite\system\Database\MySQLi\Connection.php(312): mysqli->query('INSERT INTO `us...', 0)
#1 C:\wamp64\www\padel_elite\system\Database\BaseConnection.php(734): CodeIgniter\Database\MySQLi\Connection->execute('INSERT INTO `us...')
#2 C:\wamp64\www\padel_elite\system\Database\BaseConnection.php(648): CodeIgniter\Database\BaseConnection->simpleQuery('INSERT INTO `us...')
#3 C:\wamp64\www\padel_elite\system\Database\BaseBuilder.php(2340): CodeIgniter\Database\BaseConnection->query('INSERT INTO `us...', Array, false)
#4 C:\wamp64\www\padel_elite\system\Model.php(394): CodeIgniter\Database\BaseBuilder->insert()
#5 C:\wamp64\www\padel_elite\system\BaseModel.php(839): CodeIgniter\Model->doInsert(Array)
#6 C:\wamp64\www\padel_elite\system\Model.php(800): CodeIgniter\BaseModel->insert(Array, true)
#7 C:\wamp64\www\padel_elite\app\Controllers\SignUpController.php(25): CodeIgniter\Model->insert(Array)
#8 C:\wamp64\www\padel_elite\system\CodeIgniter.php(933): App\Controllers\SignUpController->store()
#9 C:\wamp64\www\padel_elite\system\CodeIgniter.php(509): CodeIgniter\CodeIgniter->runController(Object(App\Controllers\SignUpController))
#10 C:\wamp64\www\padel_elite\system\CodeIgniter.php(355): CodeIgniter\CodeIgniter->handleRequest(NULL, Object(Config\Cache), false)
#11 C:\wamp64\www\padel_elite\system\Boot.php(334): CodeIgniter\CodeIgniter->run()
#12 C:\wamp64\www\padel_elite\system\Boot.php(67): CodeIgniter\Boot::runCodeIgniter(Object(CodeIgniter\CodeIgniter))
#13 C:\wamp64\www\padel_elite\public\index.php(56): CodeIgniter\Boot::bootWeb(Object(Config\Paths))
#14 {main}
CRITICAL - 2025-02-16 22:06:14 --> CodeIgniter\Database\Exceptions\DatabaseException: Duplicate entry 'alonso@gmail.com' for key 'usuarios.email'
[Method: POST, Route: signUp/store]
in SYSTEMPATH\Database\BaseConnection.php on line 688.
 1 SYSTEMPATH\Database\BaseBuilder.php(2340): CodeIgniter\Database\BaseConnection->query('INSERT INTO `usuarios` (`nombre`, `telefono`, `email`, `contraseña`) VALUES (:nombre:, :telefono:, :email:, :contraseña:)', [...], false)
 2 SYSTEMPATH\Model.php(394): CodeIgniter\Database\BaseBuilder->insert()
 3 SYSTEMPATH\BaseModel.php(839): CodeIgniter\Model->doInsert([...])
 4 SYSTEMPATH\Model.php(800): CodeIgniter\BaseModel->insert([...], true)
 5 APPPATH\Controllers\SignUpController.php(25): CodeIgniter\Model->insert([...])
 6 SYSTEMPATH\CodeIgniter.php(933): App\Controllers\SignUpController->store()
 7 SYSTEMPATH\CodeIgniter.php(509): CodeIgniter\CodeIgniter->runController(Object(App\Controllers\SignUpController))
 8 SYSTEMPATH\CodeIgniter.php(355): CodeIgniter\CodeIgniter->handleRequest(null, Object(Config\Cache), false)
 9 SYSTEMPATH\Boot.php(334): CodeIgniter\CodeIgniter->run()
10 SYSTEMPATH\Boot.php(67): CodeIgniter\Boot::runCodeIgniter(Object(CodeIgniter\CodeIgniter))
11 FCPATH\index.php(56): CodeIgniter\Boot::bootWeb(Object(Config\Paths))
CRITICAL - 2025-02-16 22:06:14 --> [Caused by] CodeIgniter\Database\Exceptions\DatabaseException: Duplicate entry 'alonso@gmail.com' for key 'usuarios.email'
in SYSTEMPATH\Database\MySQLi\Connection.php on line 317.
 1 SYSTEMPATH\Database\BaseConnection.php(734): CodeIgniter\Database\MySQLi\Connection->execute('INSERT INTO `usuarios` (`nombre`, `telefono`, `email`, `contraseña`) VALUES (\'alonso\', \'123456789\', \'alonso@gmail.com\', \'$2y$10$zZJrOTq4ASg823Lv9xIBaek1u.yxIwFogKfCCoV7xBZqBSY2IZzXq\')')
 2 SYSTEMPATH\Database\BaseConnection.php(648): CodeIgniter\Database\BaseConnection->simpleQuery('INSERT INTO `usuarios` (`nombre`, `telefono`, `email`, `contraseña`) VALUES (\'alonso\', \'123456789\', \'alonso@gmail.com\', \'$2y$10$zZJrOTq4ASg823Lv9xIBaek1u.yxIwFogKfCCoV7xBZqBSY2IZzXq\')')
 3 SYSTEMPATH\Database\BaseBuilder.php(2340): CodeIgniter\Database\BaseConnection->query('INSERT INTO `usuarios` (`nombre`, `telefono`, `email`, `contraseña`) VALUES (:nombre:, :telefono:, :email:, :contraseña:)', [...], false)
 4 SYSTEMPATH\Model.php(394): CodeIgniter\Database\BaseBuilder->insert()
 5 SYSTEMPATH\BaseModel.php(839): CodeIgniter\Model->doInsert([...])
 6 SYSTEMPATH\Model.php(800): CodeIgniter\BaseModel->insert([...], true)
 7 APPPATH\Controllers\SignUpController.php(25): CodeIgniter\Model->insert([...])
 8 SYSTEMPATH\CodeIgniter.php(933): App\Controllers\SignUpController->store()
 9 SYSTEMPATH\CodeIgniter.php(509): CodeIgniter\CodeIgniter->runController(Object(App\Controllers\SignUpController))
10 SYSTEMPATH\CodeIgniter.php(355): CodeIgniter\CodeIgniter->handleRequest(null, Object(Config\Cache), false)
11 SYSTEMPATH\Boot.php(334): CodeIgniter\CodeIgniter->run()
12 SYSTEMPATH\Boot.php(67): CodeIgniter\Boot::runCodeIgniter(Object(CodeIgniter\CodeIgniter))
13 FCPATH\index.php(56): CodeIgniter\Boot::bootWeb(Object(Config\Paths))
CRITICAL - 2025-02-16 22:06:14 --> [Caused by] mysqli_sql_exception: Duplicate entry 'alonso@gmail.com' for key 'usuarios.email'
in SYSTEMPATH\Database\MySQLi\Connection.php on line 312.
 1 SYSTEMPATH\Database\MySQLi\Connection.php(312): mysqli->query('INSERT INTO `usuarios` (`nombre`, `telefono`, `email`, `contraseña`) VALUES (\'alonso\', \'123456789\', \'alonso@gmail.com\', \'$2y$10$zZJrOTq4ASg823Lv9xIBaek1u.yxIwFogKfCCoV7xBZqBSY2IZzXq\')', 0)
 2 SYSTEMPATH\Database\BaseConnection.php(734): CodeIgniter\Database\MySQLi\Connection->execute('INSERT INTO `usuarios` (`nombre`, `telefono`, `email`, `contraseña`) VALUES (\'alonso\', \'123456789\', \'alonso@gmail.com\', \'$2y$10$zZJrOTq4ASg823Lv9xIBaek1u.yxIwFogKfCCoV7xBZqBSY2IZzXq\')')
 3 SYSTEMPATH\Database\BaseConnection.php(648): CodeIgniter\Database\BaseConnection->simpleQuery('INSERT INTO `usuarios` (`nombre`, `telefono`, `email`, `contraseña`) VALUES (\'alonso\', \'123456789\', \'alonso@gmail.com\', \'$2y$10$zZJrOTq4ASg823Lv9xIBaek1u.yxIwFogKfCCoV7xBZqBSY2IZzXq\')')
 4 SYSTEMPATH\Database\BaseBuilder.php(2340): CodeIgniter\Database\BaseConnection->query('INSERT INTO `usuarios` (`nombre`, `telefono`, `email`, `contraseña`) VALUES (:nombre:, :telefono:, :email:, :contraseña:)', [...], false)
 5 SYSTEMPATH\Model.php(394): CodeIgniter\Database\BaseBuilder->insert()
 6 SYSTEMPATH\BaseModel.php(839): CodeIgniter\Model->doInsert([...])
 7 SYSTEMPATH\Model.php(800): CodeIgniter\BaseModel->insert([...], true)
 8 APPPATH\Controllers\SignUpController.php(25): CodeIgniter\Model->insert([...])
 9 SYSTEMPATH\CodeIgniter.php(933): App\Controllers\SignUpController->store()
10 SYSTEMPATH\CodeIgniter.php(509): CodeIgniter\CodeIgniter->runController(Object(App\Controllers\SignUpController))
11 SYSTEMPATH\CodeIgniter.php(355): CodeIgniter\CodeIgniter->handleRequest(null, Object(Config\Cache), false)
12 SYSTEMPATH\Boot.php(334): CodeIgniter\CodeIgniter->run()
13 SYSTEMPATH\Boot.php(67): CodeIgniter\Boot::runCodeIgniter(Object(CodeIgniter\CodeIgniter))
14 FCPATH\index.php(56): CodeIgniter\Boot::bootWeb(Object(Config\Paths))
ERROR - 2025-02-16 22:08:16 --> mysqli_sql_exception: Duplicate entry 'hola@gmail.com' for key 'usuarios.email' in C:\wamp64\www\padel_elite\system\Database\MySQLi\Connection.php:312
Stack trace:
#0 C:\wamp64\www\padel_elite\system\Database\MySQLi\Connection.php(312): mysqli->query('INSERT INTO `us...', 0)
#1 C:\wamp64\www\padel_elite\system\Database\BaseConnection.php(734): CodeIgniter\Database\MySQLi\Connection->execute('INSERT INTO `us...')
#2 C:\wamp64\www\padel_elite\system\Database\BaseConnection.php(648): CodeIgniter\Database\BaseConnection->simpleQuery('INSERT INTO `us...')
#3 C:\wamp64\www\padel_elite\system\Database\BaseBuilder.php(2340): CodeIgniter\Database\BaseConnection->query('INSERT INTO `us...', Array, false)
#4 C:\wamp64\www\padel_elite\system\Model.php(394): CodeIgniter\Database\BaseBuilder->insert()
#5 C:\wamp64\www\padel_elite\system\BaseModel.php(839): CodeIgniter\Model->doInsert(Array)
#6 C:\wamp64\www\padel_elite\system\Model.php(800): CodeIgniter\BaseModel->insert(Array, true)
#7 C:\wamp64\www\padel_elite\app\Controllers\SignUpController.php(25): CodeIgniter\Model->insert(Array)
#8 C:\wamp64\www\padel_elite\system\CodeIgniter.php(933): App\Controllers\SignUpController->store()
#9 C:\wamp64\www\padel_elite\system\CodeIgniter.php(509): CodeIgniter\CodeIgniter->runController(Object(App\Controllers\SignUpController))
#10 C:\wamp64\www\padel_elite\system\CodeIgniter.php(355): CodeIgniter\CodeIgniter->handleRequest(NULL, Object(Config\Cache), false)
#11 C:\wamp64\www\padel_elite\system\Boot.php(334): CodeIgniter\CodeIgniter->run()
#12 C:\wamp64\www\padel_elite\system\Boot.php(67): CodeIgniter\Boot::runCodeIgniter(Object(CodeIgniter\CodeIgniter))
#13 C:\wamp64\www\padel_elite\public\index.php(56): CodeIgniter\Boot::bootWeb(Object(Config\Paths))
#14 {main}
CRITICAL - 2025-02-16 22:08:16 --> CodeIgniter\Database\Exceptions\DatabaseException: Duplicate entry 'hola@gmail.com' for key 'usuarios.email'
[Method: POST, Route: signUp/store]
in SYSTEMPATH\Database\BaseConnection.php on line 688.
 1 SYSTEMPATH\Database\BaseBuilder.php(2340): CodeIgniter\Database\BaseConnection->query('INSERT INTO `usuarios` (`nombre`, `telefono`, `email`, `contraseña`) VALUES (:nombre:, :telefono:, :email:, :contraseña:)', [...], false)
 2 SYSTEMPATH\Model.php(394): CodeIgniter\Database\BaseBuilder->insert()
 3 SYSTEMPATH\BaseModel.php(839): CodeIgniter\Model->doInsert([...])
 4 SYSTEMPATH\Model.php(800): CodeIgniter\BaseModel->insert([...], true)
 5 APPPATH\Controllers\SignUpController.php(25): CodeIgniter\Model->insert([...])
 6 SYSTEMPATH\CodeIgniter.php(933): App\Controllers\SignUpController->store()
 7 SYSTEMPATH\CodeIgniter.php(509): CodeIgniter\CodeIgniter->runController(Object(App\Controllers\SignUpController))
 8 SYSTEMPATH\CodeIgniter.php(355): CodeIgniter\CodeIgniter->handleRequest(null, Object(Config\Cache), false)
 9 SYSTEMPATH\Boot.php(334): CodeIgniter\CodeIgniter->run()
10 SYSTEMPATH\Boot.php(67): CodeIgniter\Boot::runCodeIgniter(Object(CodeIgniter\CodeIgniter))
11 FCPATH\index.php(56): CodeIgniter\Boot::bootWeb(Object(Config\Paths))
CRITICAL - 2025-02-16 22:08:16 --> [Caused by] CodeIgniter\Database\Exceptions\DatabaseException: Duplicate entry 'hola@gmail.com' for key 'usuarios.email'
in SYSTEMPATH\Database\MySQLi\Connection.php on line 317.
 1 SYSTEMPATH\Database\BaseConnection.php(734): CodeIgniter\Database\MySQLi\Connection->execute('INSERT INTO `usuarios` (`nombre`, `telefono`, `email`, `contraseña`) VALUES (\'hola\', \'123456789\', \'hola@gmail.com\', \'$2y$10$9EEYyrVbaeEwle/5tjY9lOalBHEyk/dpY3WsFBCrbWgzyh/Oll5n2\')')
 2 SYSTEMPATH\Database\BaseConnection.php(648): CodeIgniter\Database\BaseConnection->simpleQuery('INSERT INTO `usuarios` (`nombre`, `telefono`, `email`, `contraseña`) VALUES (\'hola\', \'123456789\', \'hola@gmail.com\', \'$2y$10$9EEYyrVbaeEwle/5tjY9lOalBHEyk/dpY3WsFBCrbWgzyh/Oll5n2\')')
 3 SYSTEMPATH\Database\BaseBuilder.php(2340): CodeIgniter\Database\BaseConnection->query('INSERT INTO `usuarios` (`nombre`, `telefono`, `email`, `contraseña`) VALUES (:nombre:, :telefono:, :email:, :contraseña:)', [...], false)
 4 SYSTEMPATH\Model.php(394): CodeIgniter\Database\BaseBuilder->insert()
 5 SYSTEMPATH\BaseModel.php(839): CodeIgniter\Model->doInsert([...])
 6 SYSTEMPATH\Model.php(800): CodeIgniter\BaseModel->insert([...], true)
 7 APPPATH\Controllers\SignUpController.php(25): CodeIgniter\Model->insert([...])
 8 SYSTEMPATH\CodeIgniter.php(933): App\Controllers\SignUpController->store()
 9 SYSTEMPATH\CodeIgniter.php(509): CodeIgniter\CodeIgniter->runController(Object(App\Controllers\SignUpController))
10 SYSTEMPATH\CodeIgniter.php(355): CodeIgniter\CodeIgniter->handleRequest(null, Object(Config\Cache), false)
11 SYSTEMPATH\Boot.php(334): CodeIgniter\CodeIgniter->run()
12 SYSTEMPATH\Boot.php(67): CodeIgniter\Boot::runCodeIgniter(Object(CodeIgniter\CodeIgniter))
13 FCPATH\index.php(56): CodeIgniter\Boot::bootWeb(Object(Config\Paths))
CRITICAL - 2025-02-16 22:08:16 --> [Caused by] mysqli_sql_exception: Duplicate entry 'hola@gmail.com' for key 'usuarios.email'
in SYSTEMPATH\Database\MySQLi\Connection.php on line 312.
 1 SYSTEMPATH\Database\MySQLi\Connection.php(312): mysqli->query('INSERT INTO `usuarios` (`nombre`, `telefono`, `email`, `contraseña`) VALUES (\'hola\', \'123456789\', \'hola@gmail.com\', \'$2y$10$9EEYyrVbaeEwle/5tjY9lOalBHEyk/dpY3WsFBCrbWgzyh/Oll5n2\')', 0)
 2 SYSTEMPATH\Database\BaseConnection.php(734): CodeIgniter\Database\MySQLi\Connection->execute('INSERT INTO `usuarios` (`nombre`, `telefono`, `email`, `contraseña`) VALUES (\'hola\', \'123456789\', \'hola@gmail.com\', \'$2y$10$9EEYyrVbaeEwle/5tjY9lOalBHEyk/dpY3WsFBCrbWgzyh/Oll5n2\')')
 3 SYSTEMPATH\Database\BaseConnection.php(648): CodeIgniter\Database\BaseConnection->simpleQuery('INSERT INTO `usuarios` (`nombre`, `telefono`, `email`, `contraseña`) VALUES (\'hola\', \'123456789\', \'hola@gmail.com\', \'$2y$10$9EEYyrVbaeEwle/5tjY9lOalBHEyk/dpY3WsFBCrbWgzyh/Oll5n2\')')
 4 SYSTEMPATH\Database\BaseBuilder.php(2340): CodeIgniter\Database\BaseConnection->query('INSERT INTO `usuarios` (`nombre`, `telefono`, `email`, `contraseña`) VALUES (:nombre:, :telefono:, :email:, :contraseña:)', [...], false)
 5 SYSTEMPATH\Model.php(394): CodeIgniter\Database\BaseBuilder->insert()
 6 SYSTEMPATH\BaseModel.php(839): CodeIgniter\Model->doInsert([...])
 7 SYSTEMPATH\Model.php(800): CodeIgniter\BaseModel->insert([...], true)
 8 APPPATH\Controllers\SignUpController.php(25): CodeIgniter\Model->insert([...])
 9 SYSTEMPATH\CodeIgniter.php(933): App\Controllers\SignUpController->store()
10 SYSTEMPATH\CodeIgniter.php(509): CodeIgniter\CodeIgniter->runController(Object(App\Controllers\SignUpController))
11 SYSTEMPATH\CodeIgniter.php(355): CodeIgniter\CodeIgniter->handleRequest(null, Object(Config\Cache), false)
12 SYSTEMPATH\Boot.php(334): CodeIgniter\CodeIgniter->run()
13 SYSTEMPATH\Boot.php(67): CodeIgniter\Boot::runCodeIgniter(Object(CodeIgniter\CodeIgniter))
14 FCPATH\index.php(56): CodeIgniter\Boot::bootWeb(Object(Config\Paths))
ERROR - 2025-02-16 22:09:21 --> mysqli_sql_exception: Duplicate entry 'hola@gmail.com' for key 'usuarios.email' in C:\wamp64\www\padel_elite\system\Database\MySQLi\Connection.php:312
Stack trace:
#0 C:\wamp64\www\padel_elite\system\Database\MySQLi\Connection.php(312): mysqli->query('INSERT INTO `us...', 0)
#1 C:\wamp64\www\padel_elite\system\Database\BaseConnection.php(734): CodeIgniter\Database\MySQLi\Connection->execute('INSERT INTO `us...')
#2 C:\wamp64\www\padel_elite\system\Database\BaseConnection.php(648): CodeIgniter\Database\BaseConnection->simpleQuery('INSERT INTO `us...')
#3 C:\wamp64\www\padel_elite\system\Database\BaseBuilder.php(2340): CodeIgniter\Database\BaseConnection->query('INSERT INTO `us...', Array, false)
#4 C:\wamp64\www\padel_elite\system\Model.php(394): CodeIgniter\Database\BaseBuilder->insert()
#5 C:\wamp64\www\padel_elite\system\BaseModel.php(839): CodeIgniter\Model->doInsert(Array)
#6 C:\wamp64\www\padel_elite\system\Model.php(800): CodeIgniter\BaseModel->insert(Array, true)
#7 C:\wamp64\www\padel_elite\app\Controllers\SignUpController.php(25): CodeIgniter\Model->insert(Array)
#8 C:\wamp64\www\padel_elite\system\CodeIgniter.php(933): App\Controllers\SignUpController->store()
#9 C:\wamp64\www\padel_elite\system\CodeIgniter.php(509): CodeIgniter\CodeIgniter->runController(Object(App\Controllers\SignUpController))
#10 C:\wamp64\www\padel_elite\system\CodeIgniter.php(355): CodeIgniter\CodeIgniter->handleRequest(NULL, Object(Config\Cache), false)
#11 C:\wamp64\www\padel_elite\system\Boot.php(334): CodeIgniter\CodeIgniter->run()
#12 C:\wamp64\www\padel_elite\system\Boot.php(67): CodeIgniter\Boot::runCodeIgniter(Object(CodeIgniter\CodeIgniter))
#13 C:\wamp64\www\padel_elite\public\index.php(56): CodeIgniter\Boot::bootWeb(Object(Config\Paths))
#14 {main}
CRITICAL - 2025-02-16 22:09:21 --> CodeIgniter\Database\Exceptions\DatabaseException: Duplicate entry 'hola@gmail.com' for key 'usuarios.email'
[Method: POST, Route: signUp/store]
in SYSTEMPATH\Database\BaseConnection.php on line 688.
 1 SYSTEMPATH\Database\BaseBuilder.php(2340): CodeIgniter\Database\BaseConnection->query('INSERT INTO `usuarios` (`nombre`, `telefono`, `email`, `contraseña`) VALUES (:nombre:, :telefono:, :email:, :contraseña:)', [...], false)
 2 SYSTEMPATH\Model.php(394): CodeIgniter\Database\BaseBuilder->insert()
 3 SYSTEMPATH\BaseModel.php(839): CodeIgniter\Model->doInsert([...])
 4 SYSTEMPATH\Model.php(800): CodeIgniter\BaseModel->insert([...], true)
 5 APPPATH\Controllers\SignUpController.php(25): CodeIgniter\Model->insert([...])
 6 SYSTEMPATH\CodeIgniter.php(933): App\Controllers\SignUpController->store()
 7 SYSTEMPATH\CodeIgniter.php(509): CodeIgniter\CodeIgniter->runController(Object(App\Controllers\SignUpController))
 8 SYSTEMPATH\CodeIgniter.php(355): CodeIgniter\CodeIgniter->handleRequest(null, Object(Config\Cache), false)
 9 SYSTEMPATH\Boot.php(334): CodeIgniter\CodeIgniter->run()
10 SYSTEMPATH\Boot.php(67): CodeIgniter\Boot::runCodeIgniter(Object(CodeIgniter\CodeIgniter))
11 FCPATH\index.php(56): CodeIgniter\Boot::bootWeb(Object(Config\Paths))
CRITICAL - 2025-02-16 22:09:21 --> [Caused by] CodeIgniter\Database\Exceptions\DatabaseException: Duplicate entry 'hola@gmail.com' for key 'usuarios.email'
in SYSTEMPATH\Database\MySQLi\Connection.php on line 317.
 1 SYSTEMPATH\Database\BaseConnection.php(734): CodeIgniter\Database\MySQLi\Connection->execute('INSERT INTO `usuarios` (`nombre`, `telefono`, `email`, `contraseña`) VALUES (\'hola\', \'123456789\', \'hola@gmail.com\', \'$2y$10$M6x1.qgwUueqk7bJJg5SeOJtNpn0B/pkzLH/LsQOb6Hjy/3fxCY.m\')')
 2 SYSTEMPATH\Database\BaseConnection.php(648): CodeIgniter\Database\BaseConnection->simpleQuery('INSERT INTO `usuarios` (`nombre`, `telefono`, `email`, `contraseña`) VALUES (\'hola\', \'123456789\', \'hola@gmail.com\', \'$2y$10$M6x1.qgwUueqk7bJJg5SeOJtNpn0B/pkzLH/LsQOb6Hjy/3fxCY.m\')')
 3 SYSTEMPATH\Database\BaseBuilder.php(2340): CodeIgniter\Database\BaseConnection->query('INSERT INTO `usuarios` (`nombre`, `telefono`, `email`, `contraseña`) VALUES (:nombre:, :telefono:, :email:, :contraseña:)', [...], false)
 4 SYSTEMPATH\Model.php(394): CodeIgniter\Database\BaseBuilder->insert()
 5 SYSTEMPATH\BaseModel.php(839): CodeIgniter\Model->doInsert([...])
 6 SYSTEMPATH\Model.php(800): CodeIgniter\BaseModel->insert([...], true)
 7 APPPATH\Controllers\SignUpController.php(25): CodeIgniter\Model->insert([...])
 8 SYSTEMPATH\CodeIgniter.php(933): App\Controllers\SignUpController->store()
 9 SYSTEMPATH\CodeIgniter.php(509): CodeIgniter\CodeIgniter->runController(Object(App\Controllers\SignUpController))
10 SYSTEMPATH\CodeIgniter.php(355): CodeIgniter\CodeIgniter->handleRequest(null, Object(Config\Cache), false)
11 SYSTEMPATH\Boot.php(334): CodeIgniter\CodeIgniter->run()
12 SYSTEMPATH\Boot.php(67): CodeIgniter\Boot::runCodeIgniter(Object(CodeIgniter\CodeIgniter))
13 FCPATH\index.php(56): CodeIgniter\Boot::bootWeb(Object(Config\Paths))
CRITICAL - 2025-02-16 22:09:21 --> [Caused by] mysqli_sql_exception: Duplicate entry 'hola@gmail.com' for key 'usuarios.email'
in SYSTEMPATH\Database\MySQLi\Connection.php on line 312.
 1 SYSTEMPATH\Database\MySQLi\Connection.php(312): mysqli->query('INSERT INTO `usuarios` (`nombre`, `telefono`, `email`, `contraseña`) VALUES (\'hola\', \'123456789\', \'hola@gmail.com\', \'$2y$10$M6x1.qgwUueqk7bJJg5SeOJtNpn0B/pkzLH/LsQOb6Hjy/3fxCY.m\')', 0)
 2 SYSTEMPATH\Database\BaseConnection.php(734): CodeIgniter\Database\MySQLi\Connection->execute('INSERT INTO `usuarios` (`nombre`, `telefono`, `email`, `contraseña`) VALUES (\'hola\', \'123456789\', \'hola@gmail.com\', \'$2y$10$M6x1.qgwUueqk7bJJg5SeOJtNpn0B/pkzLH/LsQOb6Hjy/3fxCY.m\')')
 3 SYSTEMPATH\Database\BaseConnection.php(648): CodeIgniter\Database\BaseConnection->simpleQuery('INSERT INTO `usuarios` (`nombre`, `telefono`, `email`, `contraseña`) VALUES (\'hola\', \'123456789\', \'hola@gmail.com\', \'$2y$10$M6x1.qgwUueqk7bJJg5SeOJtNpn0B/pkzLH/LsQOb6Hjy/3fxCY.m\')')
 4 SYSTEMPATH\Database\BaseBuilder.php(2340): CodeIgniter\Database\BaseConnection->query('INSERT INTO `usuarios` (`nombre`, `telefono`, `email`, `contraseña`) VALUES (:nombre:, :telefono:, :email:, :contraseña:)', [...], false)
 5 SYSTEMPATH\Model.php(394): CodeIgniter\Database\BaseBuilder->insert()
 6 SYSTEMPATH\BaseModel.php(839): CodeIgniter\Model->doInsert([...])
 7 SYSTEMPATH\Model.php(800): CodeIgniter\BaseModel->insert([...], true)
 8 APPPATH\Controllers\SignUpController.php(25): CodeIgniter\Model->insert([...])
 9 SYSTEMPATH\CodeIgniter.php(933): App\Controllers\SignUpController->store()
10 SYSTEMPATH\CodeIgniter.php(509): CodeIgniter\CodeIgniter->runController(Object(App\Controllers\SignUpController))
11 SYSTEMPATH\CodeIgniter.php(355): CodeIgniter\CodeIgniter->handleRequest(null, Object(Config\Cache), false)
12 SYSTEMPATH\Boot.php(334): CodeIgniter\CodeIgniter->run()
13 SYSTEMPATH\Boot.php(67): CodeIgniter\Boot::runCodeIgniter(Object(CodeIgniter\CodeIgniter))
14 FCPATH\index.php(56): CodeIgniter\Boot::bootWeb(Object(Config\Paths))
